movie_id,certificate,runtime,rating,votes
tt1825683,PG-13,134 min,7.3,785813.0
tt0092099,PG,109 min,6.9,461419.0
tt0499549,PG-13,162 min,7.9,1322694.0
tt1392170,PG-13,142 min,7.2,927499.0
tt1160419,PG-13,155 min,8.0,649342.0
tt0120737,PG-13,178 min,8.8,1889727.0
tt0468569,PG-13,152 min,9.0,2675531.0
tt1375666,PG-13,148 min,8.8,2373682.0
tt10872600,PG-13,148 min,8.2,770492.0
tt0172495,R,155 min,8.5,1512747.0
tt4154796,PG-13,181 min,8.4,1148100.0
tt2911666,R,101 min,7.4,644257.0
tt8367814,R,113 min,7.8,348209.0
tt1856101,R,164 min,8.0,586274.0
tt5433138,PG-13,143 min,5.2,136715.0
tt7888964,R,92 min,7.4,262223.0
tt0133093,R,136 min,8.7,1928021.0
tt0082971,PG,115 min,8.4,974011.0
tt0116629,PG-13,145 min,7.0,580884.0
tt0446029,PG-13,112 min,7.5,433481.0
tt0232500,PG-13,106 min,6.8,391178.0
tt0115624,R,98 min,3.5,29765.0
tt2382320,PG-13,163 min,7.3,409290.0
tt6723592,PG-13,150 min,7.3,516824.0
tt0113277,R,170 min,8.3,662373.0
tt6334354,R,132 min,7.2,359784.0
tt0120616,PG-13,124 min,7.1,436705.0
tt5013056,PG-13,106 min,7.8,669727.0
tt0107290,PG-13,127 min,8.2,998360.0
tt4649466,R,141 min,6.7,334948.0
tt0096446,PG,126 min,7.2,125340.0
tt0478970,PG-13,117 min,7.3,675514.0
tt1631867,PG-13,113 min,7.9,687691.0
tt0167260,PG-13,201 min,9.0,1860374.0
tt1951264,PG-13,146 min,7.5,672299.0
tt1950186,PG-13,152 min,8.1,403646.0
tt9032400,PG-13,156 min,6.3,348052.0
tt2015381,PG-13,121 min,8.0,1189915.0
tt0110413,R,110 min,8.5,1171574.0
tt1392190,R,120 min,8.1,1013606.0
tt0098206,R,114 min,6.6,77537.0
tt6264654,PG-13,115 min,7.1,377893.0
tt0076759,PG,121 min,8.6,1374568.0
tt8579674,R,119 min,8.2,603093.0
tt0113189,PG-13,130 min,7.2,260551.0
tt3397884,R,121 min,7.6,437874.0
tt1386697,PG-13,123 min,5.9,692080.0
tt0364569,R,120 min,8.4,586033.0
tt4154756,PG-13,149 min,8.4,1095301.0
tt0116367,R,108 min,7.2,319985.0
tt7126948,PG-13,151 min,5.4,272614.0
tt5463162,R,119 min,7.7,591647.0
tt2802144,R,129 min,7.7,675476.0
tt0325980,PG-13,143 min,8.1,1137362.0
tt5095030,PG-13,118 min,7.0,410304.0
tt6146586,R,130 min,7.4,352539.0
tt0167261,PG-13,179 min,8.8,1679818.0
tt0097576,PG-13,127 min,8.2,761587.0
tt0780504,R,100 min,7.8,651673.0
tt0083658,R,117 min,8.1,777470.0
tt1345836,PG-13,164 min,8.4,1717874.0
tt4912910,PG-13,147 min,7.7,338316.0
tt1469304,R,116 min,5.5,190473.0
tt3748528,PG-13,133 min,7.8,647255.0
tt0088247,R,107 min,8.1,873696.0
tt0103064,R,137 min,8.6,1107913.0
tt0111503,R,141 min,7.3,264372.0
tt1638355,PG-13,116 min,7.2,315020.0
tt4633694,PG,117 min,8.4,541462.0
tt1677720,PG-13,140 min,7.4,443870.0
tt0373889,PG-13,138 min,7.5,590824.0
tt2873282,R,140 min,6.6,189790.0
tt0145487,PG-13,121 min,7.4,826095.0
tt0090605,R,137 min,8.4,723705.0
tt2713180,R,134 min,7.5,500926.0
tt4425200,R,122 min,7.4,441113.0
tt0119116,PG-13,126 min,7.6,479782.0
tt1483013,PG-13,124 min,7.0,532260.0
tt0381061,PG-13,144 min,8.0,664141.0
tt3890160,R,113 min,7.6,551316.0
tt0319262,PG-13,124 min,6.4,454986.0
tt1431045,R,108 min,8.0,1049045.0
tt0407304,PG-13,116 min,6.5,454606.0
tt0770828,PG-13,143 min,7.1,777959.0
tt0458339,PG-13,124 min,6.9,853045.0
tt3315342,R,137 min,8.1,772821.0
tt0448115,PG-13,132 min,7.0,345790.0
tt0087469,PG,118 min,7.5,495242.0
tt0416449,R,117 min,7.6,827767.0
tt0472043,R,139 min,7.8,316817.0
tt7798634,R,95 min,6.8,157715.0
tt2527338,PG-13,141 min,6.5,458091.0
tt0372784,PG-13,140 min,8.2,1482505.0
tt0417741,PG,153 min,7.6,554044.0
tt0455944,R,132 min,7.2,377799.0
tt0117500,R,136 min,7.4,342892.0
tt0093870,R,102 min,7.6,263559.0
tt1232829,R,109 min,7.2,566332.0
tt3480822,PG-13,134 min,6.7,385960.0
tt9376612,PG-13,132 min,7.4,389332.0
tt0266697,R,111 min,8.2,1125303.0
tt1663202,R,156 min,8.0,814804.0
tt0062512,PG,117 min,6.8,111800.0
tt1840309,PG-13,139 min,6.6,466121.0
tt0120915,PG,136 min,6.5,813516.0
tt3076658,PG-13,133 min,7.6,279281.0
tt0424095,PG,85 min,6.6,129560.0
tt0848228,PG-13,143 min,8.0,1400257.0
tt0418279,PG-13,144 min,7.0,644822.0
tt0368891,PG,131 min,6.9,338858.0
tt2488496,PG-13,138 min,7.8,937714.0
tt0117060,PG-13,110 min,7.1,432805.0
tt0112442,R,119 min,6.8,270812.0
tt0822854,R,124 min,7.1,338464.0
tt0371746,PG-13,126 min,7.9,1067971.0
tt0057076,PG,115 min,7.4,137609.0
tt1790864,PG-13,113 min,6.8,475471.0
tt0790724,PG-13,130 min,7.0,346299.0
tt0441773,PG,92 min,7.6,479025.0
tt1190080,PG-13,158 min,5.8,382396.0
tt0058150,PG,110 min,7.7,193468.0
tt1951266,PG-13,137 min,6.5,333896.0
tt2820852,PG-13,137 min,7.1,394578.0
tt0181689,PG-13,145 min,7.6,558753.0
tt6189022,R,121 min,6.4,100728.0
tt1013752,PG-13,107 min,6.5,291724.0
tt0086960,R,105 min,7.3,188835.0
tt0816711,PG-13,116 min,7.0,676411.0
tt0118880,R,115 min,6.9,304255.0
tt1104001,PG,125 min,6.8,341820.0
tt2140479,R,128 min,7.3,300457.0
tt4881806,PG-13,128 min,6.1,321889.0
tt0080120,R,93 min,7.6,104592.0
tt0409459,R,162 min,7.6,557372.0
tt3501632,PG-13,130 min,7.9,761745.0
tt0095016,R,132 min,8.2,891712.0
tt0451279,PG-13,141 min,7.4,665310.0
tt0320661,R,144 min,7.2,293295.0
tt0942385,R,107 min,7.1,422817.0
tt3799694,R,116 min,7.3,335218.0
tt0437086,PG-13,122 min,7.3,273749.0
tt0119654,PG-13,98 min,7.3,576229.0
tt1477834,PG-13,143 min,6.8,481532.0
tt6806448,PG-13,137 min,6.5,216997.0
tt0139654,R,122 min,7.7,443143.0
tt2975590,PG-13,151 min,6.4,705173.0
tt0102685,R,122 min,7.2,187272.0
tt5164214,PG-13,110 min,6.3,224375.0
tt0059800,PG,130 min,6.9,120852.0
tt2250912,PG-13,133 min,7.4,666223.0
tt3896198,PG-13,136 min,7.6,690770.0
tt2283362,PG-13,119 min,6.9,388565.0
tt0093773,R,107 min,7.8,428940.0
tt0087985,PG-13,114 min,6.3,59159.0
tt0080684,PG,124 min,8.7,1302151.0
tt0120591,PG-13,151 min,6.7,431479.0
tt2222042,PG-13,109 min,6.9,131262.0
tt1951265,PG-13,123 min,6.6,462485.0
tt3371366,PG-13,154 min,5.2,155328.0
tt7605074,TV-MA,125 min,5.9,32574.0
tt0087332,PG,105 min,7.8,420982.0
tt0369610,PG-13,124 min,6.9,649327.0
tt1259528,R,140 min,7.0,115242.0
tt0087182,PG-13,137 min,6.3,163993.0
tt0086190,PG,131 min,8.3,1062181.0
tt4630562,PG-13,136 min,6.6,236159.0
tt2395427,PG-13,141 min,7.3,872228.0
tt0800369,PG-13,115 min,7.0,857206.0
tt0265086,R,144 min,7.7,401720.0
tt0120201,R,129 min,7.3,300663.0
tt0830515,PG-13,106 min,6.6,453757.0
tt0120903,PG-13,104 min,7.3,621448.0
tt1074638,PG-13,143 min,7.8,703338.0
tt0120347,PG-13,119 min,6.5,197384.0
tt0100802,R,113 min,7.5,336224.0
tt2334879,PG-13,131 min,6.3,225586.0
tt1250777,R,117 min,7.6,569031.0
tt0183790,PG-13,132 min,6.9,190661.0
tt0317705,PG,115 min,8.0,747357.0
tt0086567,PG,114 min,7.1,102761.0
tt2381249,PG-13,131 min,7.4,378784.0
tt7713068,R,109 min,6.0,243835.0
tt0120735,R,107 min,8.2,587827.0
tt3498820,PG-13,147 min,7.8,797128.0
tt0322259,PG-13,107 min,5.9,278304.0
tt5700672,Not Rated,118 min,7.6,227586.0
tt0993840,R,148 min,5.7,175572.0
tt0363547,R,101 min,7.3,259372.0
tt0974015,PG-13,120 min,6.1,457649.0
tt1321511,R,104 min,5.8,77462.0
tt6450804,R,128 min,6.2,181371.0
tt0119190,PG,92 min,5.5,80211.0
tt1291584,PG-13,140 min,8.2,476938.0
tt0087538,PG,126 min,7.3,229753.0
tt0796366,PG-13,127 min,7.9,607007.0
tt1790809,PG-13,129 min,6.5,317985.0
tt6343314,PG-13,130 min,7.1,129361.0
tt0360486,R,121 min,7.0,352209.0
tt0102798,PG-13,143 min,6.9,197794.0
tt0096895,PG-13,126 min,7.5,382221.0
tt4154664,PG-13,123 min,6.8,567884.0
tt0213149,PG-13,183 min,6.2,337171.0
tt2302755,R,119 min,6.5,280439.0
tt0434409,R,132 min,8.2,1129454.0
tt0209163,PG-13,130 min,6.4,330552.0
tt0293429,R,110 min,6.0,177108.0
tt4172430,R,144 min,7.3,147124.0
tt0079501,R,88 min,6.8,210752.0
tt0088011,PG,106 min,6.9,96833.0
tt0343818,PG-13,115 min,7.1,547519.0
tt1596343,PG-13,130 min,7.3,385936.0
tt0099938,PG-13,111 min,6.2,153052.0
tt2527336,PG-13,152 min,6.9,638906.0
tt1637688,PG-13,109 min,6.7,417461.0
tt0121766,PG-13,140 min,7.6,799964.0
tt2397535,R,97 min,7.4,287386.0
tt0320691,R,121 min,7.0,274031.0
tt1197624,R,109 min,7.4,302444.0
tt0463985,PG-13,104 min,6.0,276811.0
tt1229238,PG-13,132 min,7.4,495999.0
tt1156398,R,88 min,7.6,585822.0
tt0172156,R,147 min,6.6,255209.0
tt0093894,R,101 min,6.6,156856.0
tt0055928,PG,110 min,7.2,170409.0
tt0892769,PG,98 min,8.1,748554.0
tt0409847,PG-13,119 min,6.0,224042.0
tt3766354,R,121 min,6.7,164422.0
tt0938283,PG,103 min,4.0,165846.0
tt1706620,R,126 min,7.1,366588.0
tt5034838,PG-13,113 min,6.3,213793.0
tt4779682,PG-13,113 min,5.6,174788.0
tt0111257,R,116 min,7.3,369691.0
tt1060277,PG-13,85 min,7.0,404292.0
tt3778644,PG-13,135 min,6.9,353457.0
tt0206634,R,109 min,7.9,505728.0
tt2379713,PG-13,148 min,6.8,446089.0
tt1502397,R,124 min,6.5,163933.0
tt0936501,PG-13,90 min,7.8,608834.0
tt1211837,PG-13,115 min,7.5,752009.0
tt1365519,PG-13,119 min,6.3,217394.0
tt1300854,PG-13,130 min,7.1,858149.0
tt1411250,R,119 min,6.4,169556.0
tt0258463,PG-13,119 min,7.9,552407.0
tt0463854,R,100 min,6.9,280540.0
tt0111282,PG-13,116 min,7.0,194450.0
tt0099422,PG,105 min,6.2,63089.0
tt0190332,PG-13,120 min,7.9,272211.0
tt0104691,R,112 min,7.7,174240.0
tt0090180,R,116 min,7.3,34919.0
tt1846589,R,121 min,6.6,65607.0
tt3385516,PG-13,144 min,6.9,440539.0
tt1409024,PG-13,106 min,6.8,368312.0
tt0413300,PG-13,139 min,6.3,598454.0
tt2239822,PG-13,136 min,6.4,184901.0
tt0181852,R,109 min,6.3,404157.0
tt0120647,PG-13,120 min,6.2,181404.0
tt1650062,PG-13,112 min,7.0,357094.0
tt0375912,R,105 min,7.3,185854.0
tt0480249,PG-13,101 min,7.2,768223.0
tt0383060,PG,83 min,4.3,21693.0
tt2704998,R,100 min,6.9,239542.0
tt7456310,R,118 min,6.6,85184.0
tt0367882,PG-13,122 min,6.2,460060.0
tt0328107,R,146 min,7.7,367938.0
tt1843866,PG-13,136 min,7.8,854167.0
tt0149261,R,105 min,5.9,135982.0
tt0988045,PG-13,128 min,7.6,641133.0
tt0356910,PG-13,120 min,6.5,504188.0
tt0083944,18+,93 min,7.7,257935.0
tt0078346,PG,143 min,7.4,177943.0
tt0399146,R,96 min,7.4,242376.0
tt7097896,PG-13,97 min,5.9,229828.0
tt6320628,PG-13,129 min,7.4,502168.0
tt0383574,PG-13,151 min,7.3,727169.0
tt2345759,PG-13,110 min,5.4,193552.0
tt2126355,PG-13,114 min,6.1,242203.0
tt1386588,PG-13,107 min,6.6,273760.0
tt5052474,R,122 min,7.0,152158.0
tt0106977,PG-13,130 min,7.8,299707.0
tt1905041,PG-13,130 min,7.0,398740.0
tt1091191,R,121 min,7.5,292050.0
tt0948470,PG-13,136 min,6.9,663418.0
tt0360717,PG-13,187 min,7.2,428808.0
tt0119094,R,138 min,7.3,382558.0
tt3606756,PG,118 min,7.6,302726.0
tt7975244,PG-13,123 min,6.7,256717.0
tt1809398,PG-13,137 min,7.2,171382.0
tt0110475,PG-13,101 min,6.9,393009.0
tt0121765,PG,142 min,6.6,719027.0
tt2179136,R,133 min,7.3,495061.0
tt1270797,PG-13,112 min,6.6,493655.0
tt2660888,PG-13,122 min,7.0,249158.0
tt1489889,PG-13,107 min,6.3,195964.0
tt1136608,R,112 min,7.9,688273.0
tt2404233,PG-13,127 min,5.4,119458.0
tt8784956,R,96 min,5.4,57831.0
tt0099810,PG,135 min,7.5,204524.0
tt0118688,PG-13,125 min,3.7,256956.0
tt0479143,PG,102 min,7.1,219775.0
tt0325710,R,154 min,7.8,446709.0
tt0425112,R,121 min,7.8,511241.0
tt0093507,PG,106 min,5.3,41909.0
tt5886046,PG-13,99 min,6.4,126395.0
tt5033998,PG-13,118 min,4.9,75232.0
tt1245526,PG-13,111 min,7.0,312635.0
tt3393786,PG-13,118 min,6.1,162602.0
tt0054047,Approved,128 min,7.7,96868.0
tt0120755,PG-13,123 min,6.1,347930.0
tt5774060,PG-13,95 min,5.8,85619.0
tt0074812,PG,119 min,6.8,57997.0
tt0082340,R,99 min,7.1,146442.0
tt6924650,PG-13,138 min,6.7,87889.0
tt0369339,R,120 min,7.5,410754.0
tt6565702,PG-13,113 min,5.7,190977.0
tt0143145,PG-13,128 min,6.4,203393.0
tt1972591,PG-13,126 min,6.7,220673.0
tt1270798,PG-13,131 min,7.7,698601.0
tt0103893,PG-13,86 min,5.6,46253.0
tt0096256,R,94 min,7.2,133549.0
tt0120611,R,120 min,7.1,279833.0
tt0103855,R,129 min,6.3,138662.0
tt0245844,PG-13,131 min,7.7,140439.0
tt0120912,PG-13,88 min,6.1,381299.0
tt3079380,R,120 min,7.0,248019.0
tt1490017,PG,100 min,7.7,361313.0
tt0800080,PG-13,112 min,6.6,498397.0
tt0076729,PG,96 min,6.9,52232.0
tt0093409,R,109 min,7.6,262930.0
tt0120746,PG-13,136 min,6.8,188330.0
tt0493464,R,110 min,6.7,393984.0
tt0870154,PG-13,127 min,6.6,195217.0
tt1037705,R,118 min,6.8,322870.0
tt1979320,R,123 min,8.1,484925.0
tt0311113,PG-13,138 min,7.4,225281.0
tt1298650,PG-13,136 min,6.6,534586.0
tt2404435,PG-13,132 min,6.8,215232.0
tt0047478,Not Rated,207 min,8.6,348642.0
tt0378194,R,137 min,8.0,764292.0
tt3110958,PG-13,129 min,6.4,296670.0
tt2872732,R,89 min,6.4,504017.0
tt0134847,R,109 min,7.1,243294.0
tt2109248,PG-13,165 min,5.6,317939.0
tt0317740,PG-13,111 min,7.0,373406.0
tt1663662,PG-13,131 min,6.9,507813.0
tt0859163,PG-13,112 min,5.2,163838.0
tt6499752,R,100 min,7.5,189456.0
tt0091203,R,116 min,7.1,138674.0
tt4701182,PG-13,114 min,6.7,169911.0
tt5719748,R,119 min,6.2,71368.0
tt2034800,PG-13,103 min,5.9,138819.0
tt3532216,R,115 min,7.1,189626.0
tt2719848,PG-13,121 min,7.1,221462.0
tt0317919,PG-13,126 min,6.9,361899.0
tt0120804,R,100 min,6.6,275282.0
tt0110632,R,119 min,7.2,239008.0
tt0338526,PG-13,131 min,6.0,271049.0
tt0112462,PG-13,121 min,5.4,256293.0
tt1440129,PG-13,131 min,5.8,250485.0
tt0475944,PG-13,97 min,5.1,50377.0
tt1267297,PG-13,98 min,6.0,158532.0
tt0119698,PG-13,134 min,8.4,399478.0
tt0187393,R,165 min,7.2,279444.0
tt1253864,R,110 min,6.0,170754.0
tt0080455,13+,133 min,7.9,203510.0
tt1433108,R,98 min,6.4,108816.0
tt1877832,PG-13,132 min,7.9,718367.0
tt1034032,R,95 min,5.7,136531.0
tt1228705,PG-13,124 min,6.9,825494.0
tt1038686,R,100 min,5.2,106827.0
tt0449088,PG-13,169 min,7.1,658765.0
tt1634106,PG-13,109 min,5.7,79793.0
tt0945513,PG-13,93 min,7.5,526230.0
tt5439796,PG-13,118 min,7.0,153082.0
tt0057193,G,210 min,7.5,43032.0
tt2120120,PG-13,105 min,5.6,147709.0
tt0348150,PG-13,154 min,6.1,285581.0
tt0448011,PG-13,121 min,6.2,237432.0
tt0120177,PG-13,96 min,5.2,69487.0
tt0296572,R,119 min,6.6,232250.0
tt2245084,PG,102 min,7.8,468341.0
tt0082198,R,129 min,6.9,152794.0
tt0955308,PG-13,140 min,6.6,272839.0
tt2406566,R,115 min,6.7,197129.0
tt1608290,PG-13,101 min,4.7,72028.0
tt0109506,R,102 min,7.5,187760.0
tt1981128,PG-13,109 min,5.3,110683.0
tt3794354,PG,99 min,6.5,143123.0
tt0084827,PG,96 min,6.7,123755.0
tt1798684,R,124 min,7.3,242527.0
tt0105690,R,103 min,6.5,89602.0
tt0227538,PG,88 min,5.6,120052.0
tt1648190,PG-13,95 min,5.6,140655.0
tt1276104,R,119 min,7.4,582080.0
tt2294449,R,112 min,7.0,383574.0
tt0381849,R,122 min,7.7,316785.0
tt0106856,R,113 min,7.6,193544.0
tt0114214,R,108 min,6.5,96672.0
tt0094625,R,124 min,8.0,190060.0
tt2267968,PG,95 min,7.1,164650.0
tt6998518,Not Rated,121 min,6.5,81739.0
tt1235522,R,109 min,6.1,81409.0
tt0404390,R,122 min,7.3,100999.0
tt0964517,R,116 min,7.8,372876.0
tt0112851,R,104 min,7.1,188943.0
tt0145660,PG-13,95 min,6.6,237661.0
tt1502404,R,104 min,5.4,100634.0
tt0133152,PG-13,119 min,5.7,222070.0
tt0983193,PG,107 min,7.3,234158.0
tt1032755,R,114 min,7.2,255924.0
tt0088944,R,90 min,6.7,164649.0
tt6850820,R,101 min,6.5,66506.0
tt0337978,PG-13,128 min,7.1,409985.0
tt0770752,PG-13,112 min,5.7,81312.0
tt1340138,PG-13,126 min,6.3,281561.0
tt0082694,R,96 min,7.6,183726.0
tt2274648,R,120 min,5.2,92367.0
tt0405325,PG,100 min,6.3,89209.0
tt1535109,PG-13,134 min,7.8,467045.0
tt3300542,R,99 min,5.9,161622.0
tt4532826,PG-13,116 min,5.3,75540.0
tt0112740,R,116 min,7.3,115603.0
tt1234719,PG-13,93 min,5.3,78310.0
tt0316654,PG-13,127 min,7.4,661539.0
tt1206543,R,116 min,6.7,118905.0
tt0829150,PG-13,92 min,6.2,199059.0
tt0230011,PG,95 min,6.9,123509.0
tt0090728,PG-13,99 min,7.2,143980.0
tt1571234,PG-13,128 min,6.1,129047.0
tt0117998,PG-13,113 min,6.4,199936.0
tt0401729,PG-13,132 min,6.6,276296.0
tt0159273,PG-13,106 min,6.4,107604.0
tt0458525,PG-13,107 min,6.5,510537.0
tt1706593,PG-13,84 min,7.0,254580.0
tt0257076,PG-13,117 min,6.0,149620.0
tt0910936,R,111 min,6.9,344377.0
tt1615065,R,131 min,6.4,131569.0
tt1588170,Not Rated,144 min,7.8,133877.0
tt2058673,PG-13,114 min,5.3,63917.0
tt1335975,PG-13,128 min,6.2,162795.0
tt0103644,R,114 min,6.4,304323.0
tt0093428,PG,130 min,6.7,100823.0
tt0119567,PG-13,129 min,6.5,423391.0
tt0097733,R,114 min,7.2,179571.0
tt0379786,PG-13,119 min,7.8,298311.0
tt4196776,PG-13,123 min,6.6,230803.0
tt0120812,PG-13,98 min,7.0,274682.0
tt3717490,PG-13,124 min,5.9,109801.0
tt1464540,PG-13,111 min,6.1,240259.0
tt0978764,PG-13,110 min,6.0,245146.0
tt1034303,R,137 min,7.1,150566.0
tt0105112,R,117 min,6.8,114651.0
tt1253863,R,102 min,6.2,305007.0
tt0103776,PG-13,126 min,7.1,310010.0
tt1872181,PG-13,142 min,6.6,504903.0
tt0295701,PG-13,124 min,5.8,181730.0
tt1399103,PG-13,154 min,6.2,413822.0
tt1855199,R,109 min,7.6,253039.0
tt0090555,PG-13,97 min,6.6,108391.0
tt0079574,PG,126 min,6.2,103300.0
tt1535108,R,109 min,6.6,453150.0
tt0346491,R,175 min,5.6,171762.0
tt0089880,R,96 min,6.5,172595.0
tt0311429,PG-13,110 min,5.8,178390.0
tt0290334,PG-13,134 min,7.4,555713.0
tt10327252,R,103 min,5.4,35737.0
tt0080736,PG,103 min,6.6,24854.0
tt1055369,PG-13,149 min,5.9,411356.0
tt0090264,PG,131 min,6.3,99953.0
tt0114069,R,127 min,6.6,131825.0
tt0803096,PG-13,123 min,6.7,267404.0
tt1302011,PG,90 min,7.2,292055.0
tt0238380,R,107 min,7.3,335325.0
tt1860357,PG-13,107 min,7.1,172130.0
tt1981115,PG-13,112 min,6.8,690206.0
tt1959563,R,118 min,6.9,234947.0
tt1046173,PG-13,118 min,5.7,210521.0
tt1430132,PG-13,126 min,6.7,472291.0
tt2386490,PG,104 min,7.4,133311.0
tt1001526,PG,95 min,7.3,269272.0
tt1413492,R,130 min,6.5,84262.0
tt3731562,PG-13,118 min,6.6,324476.0
tt4046784,PG-13,131 min,6.3,256144.0
tt1291150,PG-13,101 min,5.8,213087.0
tt0106697,R,115 min,6.7,180841.0
tt1502712,PG-13,100 min,4.3,169636.0
tt3829266,R,107 min,5.3,135939.0
tt0089489,R,101 min,6.1,26930.0
tt0246460,PG-13,133 min,6.1,221995.0
tt0114508,R,108 min,5.8,81679.0
tt11032374,R,117 min,8.2,60643.0
tt1325004,PG-13,124 min,5.0,249603.0
tt1098327,PG,85 min,2.5,75969.0
tt1206885,R,89 min,6.1,101156.0
tt0119099,R,124 min,7.0,85548.0
tt4500922,PG-13,143 min,6.2,145221.0
tt1599348,R,115 min,6.7,225950.0
tt0831387,PG-13,123 min,6.4,418474.0
tt0234215,R,138 min,7.2,601006.0
tt0167190,PG-13,122 min,6.8,334281.0
tt1964418,PG,130 min,6.4,184720.0
tt0475394,R,108 min,6.6,147203.0
tt0118571,R,124 min,6.5,200111.0
tt0372183,PG-13,108 min,7.7,468505.0
tt5884052,PG,104 min,6.5,166935.0
tt0408306,R,164 min,7.5,230069.0
tt0144117,R,108 min,7.7,241527.0
tt0430105,R,109 min,6.8,149702.0
tt1472584,PG-13,92 min,4.6,19883.0
tt1320253,R,103 min,6.4,349613.0
tt1815862,PG-13,100 min,4.8,203379.0
tt0187078,PG-13,118 min,6.5,282640.0
tt3062096,PG-13,121 min,6.2,179410.0
tt0079116,PG,112 min,7.6,139763.0
tt0029843,PG,102 min,7.9,52105.0
tt0800320,PG-13,106 min,5.8,285365.0
tt1219827,PG-13,107 min,6.3,218295.0
tt2788710,R,112 min,6.5,337233.0
tt1408101,PG-13,132 min,7.7,486517.0
tt1959490,PG-13,138 min,5.8,257697.0
tt0918940,PG-13,110 min,6.2,179539.0
tt0453467,PG-13,126 min,7.1,314988.0
tt0330793,R,124 min,6.4,162820.0
tt0465234,PG,124 min,6.5,242334.0
tt1560220,R,99 min,6.7,184181.0
tt1509767,PG-13,110 min,5.7,109090.0
tt0100758,PG,93 min,6.7,96268.0
tt1386703,PG-13,118 min,6.2,257476.0
tt0066995,PG,120 min,6.5,108627.0
tt0259324,PG-13,110 min,5.2,242583.0
tt3640424,R,124 min,7.1,160287.0
tt0177971,PG-13,130 min,6.5,170605.0
tt1731141,PG-13,114 min,6.6,243930.0
tt0215750,R,131 min,7.5,266228.0
tt0066999,R,102 min,7.7,159569.0
tt2717822,R,133 min,5.4,61080.0
tt0298814,PG-13,135 min,5.5,102802.0
tt1343727,R,95 min,7.1,279280.0
tt0118583,R,109 min,6.2,251291.0
tt1152836,R,140 min,7.0,307129.0
tt2908446,PG-13,119 min,6.2,242031.0
tt0053125,Approved,136 min,8.3,331083.0
tt1133985,PG-13,114 min,5.5,288005.0
tt0892782,PG,94 min,6.4,166171.0
tt6475714,PG-13,103 min,5.2,61285.0
tt0146316,PG-13,100 min,5.7,212002.0
tt0114898,PG-13,177 min,6.2,199572.0
tt0395699,PG,95 min,5.6,96368.0
tt1155076,PG,140 min,6.2,189127.0
tt0808151,PG-13,138 min,6.7,297430.0
tt0212346,PG-13,109 min,6.3,215148.0
tt0458481,R,102 min,6.5,164350.0
tt0097742,PG-13,133 min,6.6,106862.0
tt1374989,PG-13,108 min,5.8,57757.0
tt2980592,R,100 min,6.7,102267.0
tt0433035,PG-13,127 min,7.0,335212.0
tt0090022,PG-13,133 min,7.2,45602.0
tt0790736,PG-13,96 min,5.6,136503.0
tt0399201,PG-13,136 min,6.8,319092.0
tt0096487,R,107 min,6.8,63684.0
tt0438488,PG-13,115 min,6.5,366037.0
tt2094766,PG-13,115 min,5.6,201436.0
tt0286716,PG-13,138 min,5.6,270878.0
tt0107362,PG-13,130 min,6.4,154957.0
tt0816462,R,113 min,5.1,100217.0
tt0462499,R,92 min,7.0,235271.0
tt0449010,PG,104 min,5.1,127628.0
tt0499448,PG,150 min,6.5,214524.0
tt2404463,R,117 min,6.6,174903.0
tt0287978,PG-13,103 min,5.3,222461.0
tt3410834,PG-13,120 min,5.7,125325.0
tt0349683,PG-13,126 min,6.3,170370.0
tt1318514,PG-13,105 min,7.6,534342.0
tt0489099,PG-13,88 min,6.1,310634.0
tt3741700,PG-13,132 min,6.0,186696.0
tt0070328,PG,121 min,6.7,109903.0
tt0092644,R,100 min,6.5,122754.0
tt2076822,PG-13,109 min,5.7,50432.0
tt0376994,PG-13,104 min,6.6,522111.0
tt0099423,R,124 min,7.1,367614.0
tt0164184,PG-13,124 min,6.4,119060.0
tt0104714,R,118 min,6.7,171341.0
tt0120873,PG-13,131 min,6.5,108086.0
tt0108333,PG,105 min,6.4,56319.0
tt1646971,PG,102 min,7.8,341463.0
tt1781922,R,103 min,6.7,88022.0
tt1172570,R,92 min,7.0,133876.0
tt0477080,PG-13,98 min,6.8,200113.0
tt1390411,PG-13,122 min,6.9,141706.0
tt0120784,R,100 min,7.1,140456.0
tt0120744,PG-13,132 min,6.5,170667.0
tt0082136,PG,95 min,6.2,37460.0
tt2333784,PG-13,126 min,6.1,185498.0
tt0277434,R,138 min,7.1,144690.0
tt0100403,R,108 min,6.3,172089.0
tt0163025,PG-13,92 min,5.9,326740.0
tt0418689,R,135 min,7.1,125058.0
tt0071807,PG,125 min,6.7,107750.0
tt1596350,PG-13,103 min,6.3,188979.0
tt1899353,R,101 min,7.6,207524.0
tt0372588,R,98 min,7.2,171855.0
tt3381008,R,83 min,6.2,104994.0
tt0086034,PG,131 min,6.5,108010.0
tt4116284,PG,104 min,7.3,155600.0
tt0440963,PG-13,115 min,8.0,639211.0
tt1735898,PG-13,127 min,6.1,292871.0
tt0473075,PG-13,116 min,6.6,293293.0
tt0448157,PG-13,92 min,6.4,489021.0
tt0137494,PG-13,113 min,6.3,118209.0
tt1192628,PG,107 min,7.2,271713.0
tt0076752,PG,125 min,7.0,110946.0
tt1289401,PG-13,117 min,6.8,234794.0
tt0986263,PG-13,89 min,6.3,176696.0
tt1538403,PG-13,130 min,5.8,135713.0
tt0318649,PG-13,124 min,6.0,99621.0
tt9844522,PG-13,88 min,5.7,47870.0
tt0362270,R,119 min,7.2,200609.0
tt0295178,PG-13,94 min,6.2,213591.0
tt0107206,R,128 min,7.2,106529.0
tt1515091,PG-13,129 min,7.4,460673.0
tt4560436,R,94 min,6.1,81793.0
tt2631186,Not Rated,159 min,8.0,127807.0
tt0102803,PG,108 min,6.5,59091.0
tt5177088,R,115 min,6.1,48834.0
tt3450958,PG-13,140 min,7.4,261959.0
tt0104573,R,95 min,7.0,28065.0
tt2103281,PG-13,130 min,7.6,446703.0
tt1618442,PG-13,106 min,5.9,105562.0
tt0373051,PG,93 min,5.8,125178.0
tt0465494,R,100 min,6.2,172388.0
tt1528100,PG-13,150 min,6.0,170931.0
tt1351685,PG-13,114 min,6.2,141339.0
tt2361317,R,129 min,6.4,58064.0
tt0120667,PG-13,106 min,5.7,333413.0
tt2231461,PG-13,107 min,6.1,172009.0
tt0102266,R,105 min,7.0,105716.0
tt1205537,PG-13,105 min,6.2,134034.0
tt0389722,R,113 min,6.6,180265.0
tt0100502,R,117 min,5.8,88208.0
tt3949660,PG-13,112 min,5.9,94930.0
tt0479884,R,88 min,6.9,253031.0
tt0426592,PG-13,75 min,4.6,70766.0
tt4334266,R,118 min,5.2,32813.0
tt3332064,PG,111 min,5.7,65184.0
tt0099371,PG-13,107 min,6.1,91072.0
tt0277296,PG-13,92 min,5.5,140682.0
tt0067116,18+,104 min,7.7,125403.0
tt0102059,PG-13,84 min,6.7,110773.0
tt0758774,R,128 min,7.0,231428.0
tt0429493,PG-13,117 min,6.7,261526.0
tt1628841,PG-13,120 min,5.2,181957.0
tt0113855,PG-13,101 min,5.8,119821.0
tt4052882,PG-13,86 min,6.3,135874.0
tt0160127,PG-13,98 min,5.6,189528.0
tt1023111,PG-13,113 min,6.5,103030.0
tt0293662,PG-13,92 min,6.8,307690.0
tt1234721,PG-13,117 min,6.1,231451.0
tt1428538,R,88 min,6.1,209366.0
tt0111301,PG-13,102 min,4.0,72427.0
tt0106582,R,113 min,6.5,132671.0
tt0462322,R,191 min,7.5,186310.0
tt0190865,PG-13,124 min,5.9,62798.0
tt0479528,R,99 min,6.2,31513.0
tt1583421,PG-13,110 min,5.7,183184.0
tt1272878,R,109 min,6.7,214797.0
tt0351977,PG-13,86 min,6.2,78302.0
tt0373074,R,99 min,7.7,142464.0
tt0129167,PG,86 min,8.1,203571.0
tt0493405,R,100 min,6.0,48956.0
tt0164052,R,112 min,5.8,133313.0
tt0087597,PG,101 min,6.7,43496.0
tt0118615,PG-13,89 min,4.8,106603.0
tt4520364,R,92 min,5.8,44225.0
tt0098193,PG-13,88 min,4.6,5833.0
tt1440728,R,105 min,6.3,98971.0
tt0250687,PG-13,112 min,6.4,118421.0
tt0113568,TV-MA,83 min,7.9,145927.0
tt0118928,PG-13,108 min,6.0,93022.0
tt0090859,R,87 min,5.8,74892.0
tt1961175,R,111 min,6.2,84582.0
tt0370263,PG-13,101 min,5.6,203623.0
tt0316356,R,139 min,7.4,74662.0
tt2024469,PG-13,106 min,6.9,267684.0
tt0122690,R,122 min,7.2,186596.0
tt0082398,PG,127 min,6.7,103441.0
tt0119925,R,177 min,6.1,75271.0
tt1013743,PG-13,109 min,6.3,199269.0
tt1188729,R,108 min,6.7,153543.0
tt0086006,PG,134 min,6.1,69446.0
tt2283336,PG-13,114 min,5.6,137324.0
tt1111422,R,106 min,6.4,200184.0
tt1980209,R,129 min,6.4,220536.0
tt0111756,PG-13,191 min,6.7,52388.0
tt1211956,R,115 min,6.7,246681.0
tt1424381,R,107 min,6.4,234768.0
tt1650554,R,103 min,6.5,276657.0
tt1401152,PG-13,113 min,6.8,263780.0
tt0093260,PG,120 min,6.8,61547.0
tt0084726,PG,113 min,7.7,123752.0
tt0187738,R,117 min,6.7,222712.0
tt1894476,R,101 min,6.4,30986.0
tt0359013,R,113 min,5.8,180756.0
tt0486946,PG-13,100 min,5.8,120180.0
tt1823672,R,120 min,6.8,256054.0
tt0398913,PG-13,87 min,4.8,45350.0
tt1712261,R,115 min,6.3,73660.0
tt0095956,R,102 min,5.8,133821.0
tt0109444,PG-13,141 min,6.9,102231.0
tt2854926,R,100 min,6.5,136790.0
tt0430357,R,132 min,6.0,118989.0
tt0120660,R,132 min,7.3,247984.0
tt3829920,PG-13,134 min,7.6,71768.0
tt0114614,R,104 min,5.3,32765.0
tt4530422,R,110 min,6.6,101165.0
tt6246322,R,98 min,6.0,60061.0
tt3014866,R,113 min,6.3,67536.0
tt6306064,PG-13,96 min,6.6,58136.0
tt0122718,PG-13,110 min,6.2,101378.0
tt0944835,PG-13,100 min,6.4,318613.0
tt0390022,PG-13,118 min,7.2,64309.0
tt0499556,R,103 min,6.2,93143.0
tt0112864,R,128 min,7.6,392697.0
tt0113957,PG-13,114 min,6.0,69738.0
tt2209764,PG-13,119 min,6.2,231749.0
tt0109254,R,104 min,5.5,83375.0
tt1213663,R,109 min,6.9,285950.0
tt1617661,PG-13,127 min,5.3,190166.0
tt0091225,PG,110 min,4.7,48221.0
tt0092675,R,92 min,6.8,87206.0
tt1194173,PG-13,135 min,6.6,305484.0
tt1293847,PG-13,107 min,5.2,93530.0
tt2368619,R,92 min,6.3,45842.0
tt0082186,PG,118 min,6.9,45466.0
tt0089881,R,162 min,8.2,127150.0
tt1458175,PG-13,133 min,7.3,199332.0
tt1135084,PG-13,107 min,6.2,63676.0
tt0064757,PG,142 min,6.7,94047.0
tt0062765,M/PG,114 min,7.4,70970.0
tt2304933,PG-13,112 min,5.2,111742.0
tt0097428,PG,108 min,6.6,211296.0
tt0442933,PG-13,115 min,6.3,169877.0
tt11832046,G,86 min,6.1,6650.0
tt0424774,PG,93 min,3.7,39101.0
tt0120657,R,102 min,6.6,126780.0
tt2467046,PG-13,110 min,3.1,40575.0
tt1764651,R,103 min,6.6,310563.0
tt0058461,R,99 min,7.9,220658.0
tt1478964,R,88 min,6.6,108124.0
tt0083511,R,96 min,6.9,80226.0
tt0985694,R,105 min,6.6,199343.0
tt1059786,PG-13,118 min,6.6,189319.0
tt0960144,PG-13,113 min,5.6,205272.0
tt0452608,R,105 min,6.4,211717.0
tt0365686,R,111 min,6.3,97902.0
tt0061578,Approved,150 min,7.7,75176.0
tt0462465,R,115 min,6.2,76558.0
tt2369135,PG-13,132 min,6.4,173014.0
tt0285823,R,102 min,6.3,164413.0
tt0269347,R,94 min,6.0,48656.0
tt0406816,PG-13,139 min,6.9,94491.0
tt0122151,R,127 min,6.6,165845.0
tt0072281,PG,106 min,7.1,18780.0
tt2937898,R,125 min,7.0,74002.0
tt0253556,PG-13,101 min,6.2,138979.0
tt0102526,R,97 min,6.6,36395.0
tt0471042,PG-13,104 min,6.2,146521.0
tt0472033,PG-13,79 min,7.0,142099.0
tt0091326,PG,113 min,6.1,92644.0
tt0120891,PG-13,106 min,4.9,162840.0
tt1821694,PG-13,116 min,6.6,173809.0
tt0085811,PG,121 min,6.1,34411.0
tt0416236,PG,96 min,6.5,97946.0
tt0070034,R,102 min,7.6,106342.0
tt1985949,PG,97 min,6.3,95493.0
tt2377322,R,118 min,6.2,79674.0
tt1921064,PG-13,105 min,5.5,112871.0
tt0338459,PG,84 min,4.3,62040.0
tt1568338,PG-13,102 min,6.6,154477.0
tt8364368,R,87 min,6.1,86591.0
tt0242653,R,129 min,6.7,518907.0
tt1601913,R,117 min,6.8,255425.0
tt5461944,R,123 min,7.6,65814.0
tt1243957,PG-13,103 min,6.0,246603.0
tt0299977,PG-13,120 min,7.9,183153.0
tt0411477,PG-13,120 min,7.0,275593.0
tt0472399,R,93 min,6.5,163260.0
tt1512235,R,96 min,6.7,81246.0
tt0089530,PG-13,107 min,6.2,139409.0
tt2265171,R,150 min,7.9,125375.0
tt0087995,R,92 min,6.9,38498.0
tt0113820,PG,95 min,5.2,28315.0
tt2091935,R,95 min,6.3,57544.0
tt0426459,R,95 min,6.2,32538.0
tt0116908,R,121 min,6.8,81557.0
tt2312718,R,100 min,6.5,122650.0
tt0402022,PG-13,93 min,5.4,129962.0
tt0097647,PG,112 min,5.3,65358.0
tt0110478,PG,127 min,7.0,113929.0
tt1321870,R,113 min,6.7,217680.0
tt0132347,PG-13,121 min,6.1,68257.0
tt0092493,PG,108 min,5.7,58523.0
tt0318627,R,94 min,6.1,202486.0
tt1686821,PG-13,104 min,5.4,55543.0
tt0329101,R,97 min,5.7,121676.0
tt0071402,R,93 min,6.9,40459.0
tt0083190,R,123 min,7.4,33976.0
tt2557478,PG-13,111 min,5.6,119674.0
tt0435705,PG-13,96 min,6.2,160877.0
tt0378109,PG-13,110 min,5.9,77530.0
tt0101764,R,110 min,5.6,41867.0
tt1446192,PG,97 min,7.2,180100.0
tt0266915,PG-13,90 min,6.6,224912.0
tt0101393,R,137 min,6.7,82549.0
tt3531824,PG-13,96 min,6.5,133150.0
tt0116253,R,133 min,6.5,58957.0
tt0253754,PG-13,116 min,6.4,80621.0
tt0081747,PG,121 min,4.5,2912.0
tt1121096,PG-13,102 min,5.5,78401.0
tt0327850,PG-13,104 min,6.6,109235.0
tt0385307,PG-13,115 min,5.1,76700.0
tt2057392,R,102 min,7.3,87690.0
tt0386140,PG,129 min,5.9,103771.0
tt0092615,R,87 min,4.9,4439.0
tt2381991,PG-13,114 min,6.1,112662.0
tt1210819,PG-13,150 min,6.4,237273.0
tt4073790,PG-13,104 min,5.7,33168.0
tt0065214,R,135 min,7.9,86094.0
tt1517489,PG,89 min,3.5,26291.0
tt0993842,PG-13,111 min,6.8,201155.0
tt0117731,PG-13,111 min,7.6,127161.0
tt1057500,PG-13,134 min,7.3,161971.0
tt1622547,R,83 min,6.1,103028.0
tt1648179,PG,105 min,6.4,92742.0
tt2231253,R,92 min,5.6,56978.0
tt0098439,R,104 min,6.4,108062.0
tt0108238,R,102 min,5.8,43839.0
tt0882977,PG-13,112 min,6.4,89721.0
tt0406375,PG,101 min,6.2,107575.0
tt0811080,PG,135 min,6.0,74960.0
tt0227445,R,124 min,6.8,129863.0
tt0089893,PG-13,89 min,5.1,42773.0
tt0120685,PG-13,139 min,5.4,195976.0
tt0300556,PG-13,116 min,5.6,64053.0
tt0112401,R,133 min,6.3,84935.0
tt6738136,R,108 min,6.4,44777.0
tt0963966,PG,109 min,6.1,164427.0
tt0083630,PG,118 min,6.2,23878.0
tt0093640,R,114 min,7.1,41765.0
tt1615160,R,113 min,7.0,116997.0
tt0219653,R,99 min,4.9,34771.0
tt1103153,PG-13,100 min,5.4,93114.0
tt0443649,PG-13,109 min,5.1,132647.0
tt1924435,R,104 min,6.4,136044.0
tt3513498,PG,107 min,6.6,68998.0
tt0120179,PG-13,121 min,3.9,82636.0
tt0070909,PG,88 min,6.9,59870.0
tt0119051,R,117 min,6.9,75271.0
tt0089461,PG-13,109 min,6.8,16394.0
tt0844479,R,90 min,6.3,67302.0
tt0086393,PG,125 min,5.0,71583.0
tt7547410,PG,102 min,6.1,31825.0
tt0081573,PG,127 min,6.8,109416.0
tt1568911,PG-13,146 min,7.2,159925.0
tt0087078,PG,103 min,5.9,81693.0
tt0498380,R,141 min,7.9,164684.0
tt0480255,PG-13,97 min,6.2,103656.0
tt0190374,PG-13,107 min,3.6,34054.0
tt1602613,R,90 min,5.7,114199.0
tt0118956,R,106 min,6.1,38292.0
tt0120738,PG-13,130 min,5.2,73298.0
tt0401855,R,106 min,6.7,202806.0
tt0102975,PG,110 min,7.2,77285.0
tt0105698,R,102 min,6.1,91656.0
tt0120188,R,114 min,7.1,174509.0
tt1590193,PG-13,104 min,6.3,118160.0
tt1397514,PG,94 min,5.7,106527.0
tt0417148,R,105 min,5.5,141014.0
tt0244244,R,99 min,6.5,189958.0
tt1606378,R,98 min,5.2,209622.0
tt5956100,Not Rated,161 min,5.9,30325.0
tt3522806,R,98 min,5.7,87014.0
tt0425061,PG-13,110 min,6.5,220879.0
tt3616916,R,105 min,6.6,39692.0
tt0069113,PG,117 min,7.1,46573.0
tt0314353,R,121 min,6.6,124770.0
tt1038919,PG-13,110 min,5.5,129770.0
tt1517260,PG-13,125 min,5.8,116201.0
tt0355295,PG-13,118 min,5.9,123006.0
tt0100994,PG-13,104 min,6.5,37156.0
tt0268695,PG-13,96 min,6.0,126160.0
tt7390646,R,108 min,6.4,24658.0
tt0093692,PG,93 min,5.8,56016.0
tt0365907,R,114 min,6.5,123262.0
tt0181316,PG-13,93 min,6.3,84889.0
tt0072308,PG,165 min,7.0,45059.0
tt0758730,R,94 min,4.6,128020.0
tt0088194,PG,93 min,6.7,22272.0
tt0327437,PG,120 min,5.8,91331.0
tt0116225,R,101 min,5.7,76636.0
tt0094612,R,96 min,5.5,11586.0
tt0084684,R,103 min,5.4,6075.0
tt2025690,PG-13,117 min,6.7,67947.0
tt2592614,R,107 min,5.5,96069.0
tt0095631,R,126 min,7.5,88198.0
tt3072482,R,96 min,6.7,97470.0
tt0483607,R,105 min,5.9,78140.0
tt0325703,PG-13,117 min,5.5,140386.0
tt1397280,PG-13,92 min,6.2,310898.0
tt0091499,R,98 min,5.4,33554.0
tt0072926,Approved,129 min,6.3,20616.0
tt0130827,R,80 min,7.7,201046.0
tt0208003,PG-13,99 min,5.2,87216.0
tt1025100,PG-13,117 min,5.7,115431.0
tt0118548,R,121 min,6.7,56752.0
tt6811018,PG,120 min,6.1,17476.0
tt0421073,R,109 min,6.8,115659.0
tt0092240,PG-13,93 min,5.9,17443.0
tt0089370,PG,106 min,6.1,58929.0
tt0834001,R,92 min,6.5,162374.0
tt0206314,R,97 min,6.6,71400.0
tt0112715,PG-13,109 min,5.3,46610.0
tt0073631,Approved,125 min,6.6,26162.0
tt2975578,R,103 min,6.4,154988.0
tt2002718,R,107 min,5.6,80091.0
tt5360952,PG-13,103 min,5.1,21252.0
tt0419706,R,105 min,5.2,115175.0
tt4262980,Not Rated,120 min,6.8,29038.0
tt1450321,R,97 min,7.0,111120.0
tt1727776,R,93 min,6.3,51986.0
tt4572514,R,133 min,7.3,105220.0
tt0271668,PG-13,88 min,5.6,51926.0
tt0305357,PG-13,106 min,4.9,129404.0
tt3717252,R,91 min,5.7,77469.0
tt0120461,PG-13,104 min,5.5,78185.0
tt1855325,R,95 min,5.3,144730.0
tt0097138,R,86 min,5.0,32278.0
tt0097027,R,113 min,7.1,45430.0
tt0433362,R,98 min,6.4,130794.0
tt0072251,R,104 min,7.6,32185.0
tt0432021,R,94 min,6.2,198392.0
tt0119173,R,125 min,6.0,83300.0
tt0105402,PG,101 min,5.1,9185.0
tt0375568,PG,94 min,6.2,37707.0
tt1657507,PG-13,108 min,6.4,103054.0
tt2172934,PG-13,117 min,6.2,94806.0
tt0086859,R,128 min,5.9,12752.0
tt0388482,PG-13,87 min,6.3,206228.0
tt0338337,PG-13,119 min,6.3,110073.0
tt0078723,PG,118 min,5.8,34581.0
tt0100260,R,102 min,6.5,24350.0
tt0266987,R,126 min,7.0,159493.0
tt0114781,R,100 min,5.5,47913.0
tt0185183,PG-13,118 min,2.5,80908.0
tt1549920,R,107 min,6.3,140508.0
tt0115759,R,108 min,6.1,100647.0
tt4190530,R,120 min,7.2,50087.0
tt1742334,R,109 min,5.7,64447.0
tt2679042,R,96 min,5.7,92432.0
tt0120828,PG-13,102 min,5.9,79722.0
tt0056197,G,178 min,7.7,56834.0
tt0087262,R,114 min,6.0,35174.0
tt0357277,PG-13,97 min,4.7,94534.0
tt0457400,PG-13,102 min,5.3,72584.0
tt0107076,R,97 min,6.2,52885.0
tt1904996,R,118 min,6.2,124606.0
tt1448755,R,116 min,6.4,131961.0
tt0100263,R,117 min,7.3,73315.0
tt0067525,PG,98 min,6.4,32409.0
tt0146675,R,122 min,5.8,112307.0
tt0119303,PG,102 min,4.5,120254.0
tt0409182,PG-13,98 min,5.7,106592.0
tt0141926,PG-13,116 min,6.6,83510.0
tt0119229,R,107 min,7.3,96039.0
tt0088206,PG,124 min,4.4,22668.0
tt5074352,Not Rated,161 min,8.3,193979.0
tt2446042,PG-13,108 min,6.0,195688.0
tt0088170,PG,105 min,6.6,82187.0
tt0103923,PG-13,97 min,3.2,14362.0
tt0107144,PG-13,86 min,6.6,92908.0
tt0120053,PG-13,116 min,6.2,69867.0
tt0096933,R,125 min,6.6,56353.0
tt0120768,R,140 min,7.3,145707.0
tt0107843,R,109 min,6.1,28872.0
tt0293564,PG-13,91 min,6.2,172507.0
tt0119395,R,124 min,6.4,119245.0
tt0486576,PG,92 min,5.6,268862.0
tt1611224,R,105 min,5.9,157585.0
tt1121931,R,96 min,6.1,152404.0
tt2106361,PG-13,89 min,5.8,69481.0
tt0097770,R,109 min,6.4,44157.0
tt5834262,R,94 min,6.1,54868.0
tt0072856,R,80 min,6.2,28767.0
tt0113492,R,96 min,5.6,120065.0
tt0848537,PG,102 min,6.6,106731.0
tt0089470,PG-13,96 min,6.6,10887.0
tt0211443,R,92 min,4.4,57983.0
tt6663582,R,117 min,6.0,79206.0
tt0862467,Not Rated,93 min,6.0,61559.0
tt0117603,R,123 min,6.8,17014.0
tt0342258,R,103 min,7.0,104472.0
tt0237534,R,142 min,7.0,67887.0
tt0094074,PG,90 min,3.7,49765.0
tt0443559,R,95 min,6.0,21393.0
tt0292506,PG-13,115 min,6.6,138199.0
tt0475276,R,111 min,7.6,107711.0
tt0040076,Passed,110 min,7.0,3274.0
tt5968394,PG-13,109 min,6.0,55212.0
tt1190536,R,84 min,7.4,49840.0
tt1217613,PG-13,116 min,5.7,181758.0
tt0114857,R,106 min,5.5,30834.0
tt0060315,Not Rated,91 min,7.2,28855.0
tt0139414,R,82 min,5.8,62588.0
tt3014284,PG,101 min,6.0,27232.0
tt0271027,R,98 min,6.6,64692.0
tt2638144,PG-13,123 min,5.7,44968.0
tt3316948,R,96 min,6.1,93120.0
tt0072288,R,115 min,7.0,26328.0
tt0162650,R,99 min,6.0,78181.0
tt6205872,R,108 min,6.0,20306.0
tt1220634,R,96 min,5.8,173821.0
tt0092007,PG,119 min,7.3,87209.0
tt4463894,R,111 min,6.4,55025.0
tt14331144,PG-13,112 min,7.8,21185.0
tt0338564,R,101 min,8.0,126451.0
tt0181739,PG,95 min,6.3,36917.0
tt0112760,PG-13,124 min,5.7,28931.0
tt0316732,PG-13,97 min,4.5,43314.0
tt5758778,PG-13,102 min,5.8,125013.0
tt0272020,R,131 min,6.9,81920.0
tt1600195,PG-13,106 min,5.1,81434.0
tt4669264,R,109 min,6.5,23144.0
tt0026174,Passed,119 min,7.7,14814.0
tt0120844,PG,103 min,6.4,76410.0
tt0327554,PG-13,104 min,3.4,121189.0
tt0097659,R,97 min,6.4,57066.0
tt0111280,PG,118 min,6.6,83377.0
tt0098622,R,103 min,6.2,17663.0
tt5814534,PG,102 min,6.8,51135.0
tt8850222,Not Rated,116 min,5.5,34177.0
tt4218696,R,88 min,6.2,28111.0
tt1838556,PG-13,99 min,6.0,52122.0
tt0367479,PG-13,97 min,6.2,48383.0
tt0186566,PG-13,130 min,6.5,82838.0
tt0054953,Not Rated,158 min,7.5,52516.0
tt0102984,R,92 min,6.0,9157.0
tt1024943,Not Rated,162 min,6.7,45254.0
tt2490326,R,88 min,5.7,26665.0
tt0081529,PG,100 min,5.2,16435.0
tt1308728,R,91 min,5.4,28990.0
tt0117331,PG,100 min,5.0,34627.0
tt0068638,PG,123 min,7.3,33330.0
tt7734218,R,93 min,6.2,48653.0
tt1129442,PG-13,104 min,6.0,169844.0
tt4094724,R,108 min,6.0,103641.0
tt1020558,R,97 min,6.3,83894.0
tt0118883,R,135 min,6.7,102471.0
tt0104558,R,91 min,6.9,22367.0
tt4244998,PG-13,96 min,6.6,63695.0
tt4302938,PG,101 min,7.7,131512.0
tt0086325,PG,85 min,3.5,9036.0
tt0340163,R,113 min,6.5,111558.0
tt0100029,R,108 min,6.2,37363.0
tt1071875,PG-13,96 min,4.3,121442.0
tt0116136,PG-13,103 min,6.4,98760.0
tt0382992,PG-13,121 min,5.1,54819.0
tt2788732,PG,102 min,6.7,59429.0
tt6095472,PG,97 min,6.4,31080.0
tt0443632,PG-13,108 min,6.1,50237.0
tt2016894,Not Rated,132 min,5.5,35649.0
tt0091278,PG-13,117 min,5.5,15095.0
tt0271367,PG-13,99 min,5.5,58278.0
tt0119707,PG-13,95 min,3.6,55696.0
tt0115857,PG-13,107 min,5.6,53433.0
tt1240982,R,102 min,5.5,102134.0
tt1656190,R,94 min,6.5,112392.0
tt0089092,PG-13,108 min,6.8,49077.0
tt0077523,PG,114 min,6.3,28155.0
tt0467197,PG-13,100 min,5.3,127387.0
tt0287717,PG,100 min,5.2,69331.0
tt0088814,PG,80 min,6.3,37612.0
tt0465580,PG-13,111 min,6.1,112755.0
tt0132245,PG-13,116 min,4.6,41830.0
tt0095963,R,104 min,6.1,72412.0
tt1893256,R,100 min,6.2,73785.0
tt0274166,PG,87 min,6.2,164278.0
tt1137450,R,107 min,6.3,73320.0
tt0111255,R,110 min,5.6,67264.0
tt0118972,R,111 min,6.2,67478.0
tt0113501,R,102 min,6.4,27736.0
tt0091828,R,106 min,5.5,35327.0
tt0093560,PG-13,79 min,6.9,33321.0
tt0105104,R,84 min,5.9,48894.0
tt7339248,R,104 min,6.6,38650.0
tt1408253,PG-13,99 min,6.1,116735.0
tt0100135,PG-13,98 min,5.9,25439.0
tt0252503,R,109 min,6.5,37809.0
tt0046534,G,85 min,7.0,36652.0
tt1586752,R,129 min,6.7,67088.0
tt0831887,PG-13,103 min,4.7,61797.0
tt0460780,PG-13,127 min,3.8,49656.0
tt0462396,PG-13,101 min,5.4,36251.0
tt1527788,R,119 min,7.7,71041.0
tt1598828,PG-13,91 min,5.3,43055.0
tt0286112,PG,87 min,7.3,82875.0
tt2614684,R,99 min,7.2,57529.0
tt0094602,R,99 min,6.0,32914.0
tt0107978,PG-13,104 min,4.1,51427.0
tt1226273,R,117 min,6.6,95763.0
tt0165929,R,115 min,6.1,71462.0
tt0103596,PG,84 min,5.3,22182.0
tt0120913,PG,94 min,6.6,62101.0
tt0116830,R,101 min,6.4,59013.0
tt2387499,PG-13,105 min,5.9,64272.0
tt0091209,R,97 min,7.2,49496.0
tt3045616,R,107 min,5.5,74178.0
tt0089941,R,111 min,7.2,30504.0
tt0141369,PG,78 min,4.1,49096.0
tt0071517,R,92 min,6.5,10904.0
tt0065377,G,137 min,6.6,19658.0
tt0087032,PG,108 min,5.0,16594.0
tt1506999,R,93 min,5.8,87691.0
tt0296042,R,129 min,7.0,57340.0
tt0117438,R,121 min,6.7,130399.0
tt0465602,R,86 min,6.6,151734.0
tt0963178,R,118 min,6.5,96841.0
tt0107668,R,95 min,5.4,6217.0
tt7137380,R,121 min,6.2,30283.0
tt0094894,R,120 min,6.7,27656.0
tt0383222,R,95 min,2.9,36073.0
tt6921996,PG,89 min,6.2,76306.0
tt1114740,PG,91 min,5.2,112391.0
tt1646987,PG-13,99 min,5.7,191139.0
tt1458169,R,95 min,5.9,37776.0
tt0446013,R,99 min,5.4,45117.0
tt2076298,Not Rated,107 min,7.0,33483.0
tt4849438,Not Rated,167 min,8.2,104403.0
tt0095348,R,88 min,6.6,14008.0
tt0057197,G,104 min,7.3,28991.0
tt0084749,R,99 min,5.4,6849.0
tt0431197,R,110 min,7.0,127097.0
tt0116213,R,115 min,6.2,113806.0
tt0152930,Not Rated,86 min,7.0,85168.0
tt0806203,PG-13,84 min,6.0,48185.0
tt0120749,R,111 min,6.1,75455.0
tt1748227,R,82 min,6.1,51128.0
tt0099365,R,96 min,6.4,66162.0
tt0119874,R,124 min,6.0,59555.0
tt0367631,PG-13,91 min,5.3,16488.0
tt0450314,R,103 min,5.9,64365.0
tt0104815,R,81 min,6.8,68449.0
tt0865556,PG-13,104 min,6.5,106902.0
tt2720680,R,92 min,6.7,40527.0
tt0082869,R,109 min,6.6,30744.0
tt0337921,PG-13,94 min,6.5,102359.0
tt0368909,R,105 min,7.1,75801.0
tt0398712,R,109 min,6.3,79848.0
tt0112819,R,119 min,6.9,23023.0
tt0117774,R,114 min,6.0,14420.0
tt0066830,R,95 min,5.8,2859.0
tt0113481,R,96 min,5.6,73140.0
tt0199753,PG-13,106 min,5.7,58571.0
tt0137363,R,117 min,7.2,88240.0
tt0184894,PG-13,110 min,6.6,129735.0
tt0093489,R,92 min,5.8,2519.0
tt0346156,PG,106 min,6.1,85657.0
tt0103060,PG,88 min,6.0,57332.0
tt2017038,PG-13,106 min,6.9,81460.0
tt2515034,R,115 min,5.8,41971.0
tt1547234,PG-13,91 min,6.5,115509.0
tt0100631,PG,91 min,5.1,3906.0
tt2091256,PG,89 min,6.2,29550.0
tt0115956,R,116 min,6.6,56300.0
tt0443473,R,113 min,6.0,53019.0
tt10208198,Not Rated,109 min,6.9,16207.0
tt0089374,PG-13,100 min,7.5,38033.0
tt0082288,PG,109 min,6.6,18574.0
tt0098382,PG,107 min,5.5,61394.0
tt0070895,R,125 min,6.9,6269.0
tt0999913,R,110 min,5.8,34909.0
tt0077369,PG,110 min,6.3,17335.0
tt0800308,R,115 min,6.7,62327.0
tt6878038,Not Rated,137 min,7.9,26136.0
tt0068935,R,90 min,7.2,38282.0
tt1181791,R,102 min,6.4,49260.0
tt1496025,R,88 min,6.3,156524.0
tt0822847,PG-13,87 min,5.7,121193.0
tt0377062,PG-13,113 min,6.1,55268.0
tt0071216,R,84 min,5.7,2838.0
tt0102070,R,100 min,5.7,57593.0
tt0103112,R,111 min,6.6,23551.0
tt0091875,R,107 min,6.5,13684.0
tt0267804,PG-13,87 min,5.9,93298.0
tt0070355,R,124 min,7.2,63270.0
tt0259484,R,97 min,7.0,13054.0
tt0120157,R,99 min,6.0,57624.0
tt0385004,PG-13,119 min,7.5,113503.0
tt4139124,R,100 min,6.2,49822.0
tt1614989,R,100 min,7.5,103576.0
tt2513074,R,113 min,6.2,23176.0
tt0071455,PG,122 min,5.9,16620.0
tt0804461,R,105 min,6.7,72778.0
tt0861739,R,115 min,8.0,105615.0
tt0091129,PG-13,94 min,5.9,57150.0
tt0421054,R,127 min,5.9,67933.0
tt0416044,R,126 min,7.2,47536.0
tt1634122,PG,101 min,6.3,133632.0
tt1075417,PG,98 min,5.7,60854.0
tt0266465,R,109 min,6.0,48126.0
tt0313911,PG,102 min,5.1,35632.0
tt0190524,PG-13,96 min,4.3,10017.0
tt0093137,R,110 min,6.7,26397.0
tt1788391,Not Rated,95 min,6.4,42037.0
tt0087127,R,80 min,4.6,5525.0
tt0100485,R,124 min,6.2,19409.0
tt0053804,Approved,208 min,6.7,10258.0
tt2345737,R,103 min,6.4,49270.0
tt6523720,PG-13,106 min,6.2,12859.0
tt0089652,PG,94 min,5.9,6086.0
tt0317648,PG-13,136 min,6.7,83306.0
tt0838232,PG,92 min,5.6,46166.0
tt2199571,R,114 min,6.6,110922.0
tt0060862,PG-13,117 min,7.3,17286.0
tt0485985,PG-13,125 min,5.9,36108.0
tt0113010,R,91 min,4.3,13250.0
tt0107969,R,129 min,6.2,46640.0
tt1124037,R,139 min,6.9,59094.0
tt0082250,18+,89 min,5.9,16698.0
tt0240468,PG-13,81 min,6.2,47033.0
tt6133466,R,97 min,5.2,65520.0
tt7160070,Not Rated,139 min,7.2,16477.0
tt1219342,PG,97 min,6.9,84585.0
tt0228333,R,98 min,4.9,55717.0
tt2140379,PG-13,117 min,6.5,100772.0
tt0476964,R,122 min,6.7,61781.0
tt0453556,PG,87 min,6.2,65666.0
tt1591479,R,110 min,6.4,69975.0
tt1186367,R,99 min,6.3,73244.0
tt0216216,PG-13,123 min,5.9,124152.0
tt0085255,R,109 min,6.4,21962.0
tt0120184,PG-13,134 min,6.1,108221.0
tt0083943,PG,136 min,5.9,28064.0
tt0083111,R,106 min,7.1,20287.0
tt1712170,PG-13,101 min,5.1,34559.0
tt0844286,PG-13,114 min,6.7,51363.0
tt0109198,R,99 min,5.2,13011.0
tt7961060,PG,100 min,7.7,28735.0
tt0873886,R,88 min,6.1,65342.0
tt0102005,R,98 min,6.1,20979.0
tt1258972,R,95 min,5.4,63264.0
tt2402157,R,108 min,6.2,68760.0
tt0947810,R,115 min,6.8,138797.0
tt0090213,R,112 min,6.0,5387.0
tt0105459,R,90 min,6.0,15512.0
tt0120877,R,108 min,6.1,60755.0
tt5941692,PG-13,104 min,5.8,11811.0
tt0113071,PG-13,134 min,6.0,74999.0
tt0056059,Approved,157 min,7.1,13466.0
tt1053424,R,111 min,6.3,108131.0
tt0108258,PG,87 min,5.0,8371.0
tt4853102,R,76 min,6.4,58301.0
tt0264395,R,98 min,6.4,63935.0
tt1093357,PG-13,89 min,4.9,61922.0
tt0375154,PG-13,125 min,6.8,53171.0
tt0107659,PG-13,84 min,6.2,49361.0
tt2072230,Not Rated,98 min,5.1,14367.0
tt0133952,R,116 min,6.4,74551.0
tt0077594,R,100 min,5.9,21032.0
tt0086383,R,117 min,6.6,46200.0
tt0433387,R,116 min,6.8,66626.0
tt1043726,PG-13,99 min,4.2,55062.0
tt0118661,PG-13,89 min,3.8,44343.0
tt0117110,G,99 min,6.9,24991.0
tt0114194,R,98 min,6.4,31898.0
tt0066473,G,144 min,7.5,35246.0
tt0180052,PG-13,95 min,3.8,26252.0
tt0109890,R,115 min,5.8,18733.0
tt0443274,PG-13,90 min,6.6,151562.0
tt2967224,PG-13,87 min,5.1,52106.0
tt0077696,PG,99 min,6.4,7281.0
tt0104299,R,110 min,5.4,16641.0
tt4158096,R,91 min,6.3,47732.0
tt0990407,PG-13,119 min,5.8,161811.0
tt0059243,Passed,160 min,7.2,18457.0
tt0184858,R,104 min,5.8,40908.0
tt0111438,R,99 min,5.9,60929.0
tt0094963,R,91 min,6.3,46870.0
tt0268397,G,82 min,6.0,35732.0
tt0479997,PG-13,95 min,5.4,95401.0
tt0077474,R,91 min,7.1,17537.0
tt0116000,PG,104 min,5.4,27570.0
tt0329691,PG-13,84 min,4.1,28652.0
tt0257568,PG,89 min,4.5,32362.0
tt2978102,R,93 min,5.6,8339.0
tt1640459,Not Rated,86 min,6.1,47076.0
tt2097307,R,100 min,6.1,36554.0
tt1464174,PG-13,107 min,4.4,28144.0
tt0107889,R,112 min,6.4,10959.0
tt0100685,R,134 min,7.2,23277.0
tt0113845,R,110 min,5.7,41753.0
tt1418377,PG-13,92 min,5.1,82045.0
tt0772193,R,93 min,4.8,14364.0
tt0120901,PG-13,87 min,6.0,27240.0
tt0087175,PG-13,99 min,6.3,17165.0
tt1613750,PG-13,118 min,7.2,49972.0
tt0116040,PG-13,114 min,5.9,74128.0
tt0099141,PG-13,110 min,6.0,45667.0
tt5729348,Not Rated,118 min,7.2,10602.0
tt1385867,R,107 min,5.5,88871.0
tt0364970,PG-13,90 min,5.5,96712.0
tt1436045,R,141 min,7.5,66413.0
tt0190641,G,96 min,6.2,43915.0
tt0067741,R,100 min,6.6,19753.0
tt2452200,R,108 min,6.4,28608.0
tt1210042,R,132 min,6.7,64627.0
tt0893412,PG-13,107 min,5.5,15264.0
tt1216487,R,129 min,7.1,96319.0
tt1289406,R,103 min,7.2,88885.0
tt1179034,R,92 min,6.4,118585.0
tt0064072,G,132 min,6.9,23113.0
tt0446059,PG-13,104 min,7.6,76824.0
tt0279493,PG-13,86 min,5.9,35408.0
tt1160368,PG-13,108 min,5.6,29483.0
tt0119695,R,97 min,6.2,30112.0
tt0891592,PG-13,96 min,3.7,24387.0
tt0233469,R,108 min,5.5,76015.0
tt3231054,PG-13,107 min,6.3,28890.0
tt1273678,PG,94 min,5.4,44995.0
tt0099558,PG-13,80 min,7.2,21302.0
tt1185834,PG,98 min,5.9,67709.0
tt3095734,PG,104 min,5.6,17714.0
tt1034389,PG-13,114 min,6.2,71457.0
tt0436339,PG,88 min,5.1,47617.0
tt0092746,PG-13,99 min,5.5,10062.0
tt0102820,R,120 min,6.7,9261.0
tt3405236,Not Rated,143 min,6.6,46387.0
tt0092106,PG,84 min,7.2,40381.0
tt0100133,PG-13,107 min,6.9,29136.0
tt0088024,PG-13,99 min,5.8,13726.0
tt1838544,PG-13,94 min,5.9,44981.0
tt0109303,R,121 min,6.2,32110.0
tt0239395,PG,87 min,5.1,60541.0
tt0102744,PG-13,119 min,6.9,22839.0
tt2088003,PG-13,110 min,5.4,33876.0
tt0067128,R,112 min,7.3,34684.0
tt0017925,Passed,67 min,8.1,92643.0
tt0102614,R,91 min,6.1,24532.0
tt0068767,R,107 min,7.2,31468.0
tt0088708,R,95 min,5.4,15657.0
tt0498399,R,117 min,6.8,90212.0
tt1966566,R,131 min,5.6,17162.0
tt0018578,PG-13,144 min,7.6,13371.0
tt1564585,PG-13,92 min,4.5,90501.0
tt0089346,R,115 min,6.4,12841.0
tt1285241,Not Rated,148 min,7.0,54570.0
tt0106761,PG-13,96 min,3.9,13084.0
tt0110657,PG,107 min,4.5,31872.0
tt0120841,R,93 min,4.5,29954.0
tt0097179,R,99 min,5.3,12359.0
tt4899370,PG-13,116 min,7.1,24659.0
tt3735246,Not Rated,158 min,7.2,36315.0
tt0065462,G,95 min,6.0,48090.0
tt0075648,PG,114 min,5.8,11164.0
tt0233142,R,125 min,5.9,47436.0
tt0108171,R,98 min,6.1,24662.0
tt0329774,PG-13,101 min,4.4,71564.0
tt0023238,PG-13,63 min,7.1,12937.0
tt0097438,PG-13,105 min,6.2,8461.0
tt1462900,PG-13,130 min,6.5,35134.0
tt2238032,PG-13,107 min,5.6,21356.0
tt0467110,PG,84 min,4.8,22009.0
tt0326905,R,132 min,6.6,23386.0
tt0461936,Not Rated,171 min,7.1,38408.0
tt0106364,PG,76 min,7.8,52588.0
tt0099739,R,96 min,5.8,30930.0
tt0102915,R,79 min,6.1,19528.0
tt0095583,R,85 min,6.0,18100.0
tt0107286,R,110 min,6.6,17488.0
tt0245562,R,134 min,6.1,70575.0
tt0096913,PG-13,97 min,6.4,14483.0
tt0309377,R,110 min,6.4,45991.0
tt2334871,R,90 min,4.6,36154.0
tt0276816,R,105 min,6.1,23032.0
tt0300471,PG-13,114 min,6.2,108274.0
tt4217392,Not Rated,107 min,5.1,10645.0
tt0202677,R,119 min,6.6,34051.0
tt2869728,PG-13,102 min,5.9,60153.0
tt0425637,R,148 min,7.3,46987.0
tt0118708,PG-13,88 min,5.5,42362.0
tt0240510,PG-13,132 min,6.5,34649.0
tt0290095,PG-13,98 min,5.4,85449.0
tt1366365,PG-13,93 min,4.9,38104.0
tt0369226,R,96 min,2.4,45940.0
tt0242445,R,101 min,5.6,35935.0
tt0086058,R,103 min,5.8,8950.0
tt0317676,R,90 min,2.1,37653.0
tt1545660,R,86 min,5.5,20887.0
tt0083941,R,125 min,6.4,3525.0
tt0097889,R,87 min,7.0,11260.0
tt6905696,R,104 min,5.3,15353.0
tt0281322,R,94 min,6.1,33102.0
tt1166100,Not Rated,186 min,7.3,63232.0
tt0231402,PG,95 min,4.8,25378.0
tt0100514,R,120 min,5.9,27943.0
tt3450650,PG,94 min,4.4,38603.0
tt4400994,R,111 min,6.3,7016.0
tt1300851,R,118 min,6.2,65263.0
tt0486640,R,100 min,4.4,23500.0
tt0118747,PG-13,123 min,4.9,33856.0
tt3495026,Not Rated,142 min,6.9,46995.0
tt1470023,R,90 min,5.6,46072.0
tt1386932,R,108 min,7.5,106775.0
tt0449994,Not Rated,213 min,7.5,33250.0
tt0090927,R,125 min,5.6,20868.0
tt0437179,R,84 min,5.0,27752.0
tt1082601,PG-13,105 min,5.5,33537.0
tt0275277,TV-14,115 min,7.8,49950.0
tt3721964,R,111 min,6.1,30903.0
tt0074483,R,96 min,6.7,46667.0
tt0095897,R,97 min,5.9,19127.0
tt0457495,PG,93 min,5.1,24992.0
tt3672840,R,127 min,5.9,20379.0
tt1075747,PG-13,81 min,4.7,59819.0
tt1235189,PG-13,98 min,6.7,38964.0
tt0109370,PG,91 min,5.9,17373.0
tt0089421,PG-13,100 min,5.2,13956.0
tt1259014,R,113 min,7.5,34249.0
tt0114608,R,92 min,6.7,24744.0
tt2905838,Not Rated,153 min,5.6,24782.0
tt6864046,Not Rated,116 min,7.0,16585.0
tt0103003,PG,90 min,4.5,10539.0
tt0089118,R,109 min,6.7,20845.0
tt0099005,R,113 min,5.8,29311.0
tt5822564,R,102 min,5.6,21758.0
tt0120751,PG,114 min,5.7,29719.0
tt1308729,R,92 min,5.7,50749.0
tt0119086,PG-13,101 min,5.3,13694.0
tt1592525,PG-13,95 min,6.0,99353.0
tt0089695,PG,85 min,5.6,17664.0
tt0072353,R,117 min,7.2,9419.0
tt0071569,G,105 min,6.8,9712.0
tt0479537,R,115 min,6.6,32465.0
tt7424200,PG,84 min,6.7,20135.0
tt7690670,R,116 min,5.2,7278.0
tt0119807,R,98 min,6.7,47546.0
tt0419946,PG-13,92 min,4.7,34488.0
tt0100114,R,93 min,5.9,22897.0
tt0052365,Not Rated,116 min,7.0,14761.0
tt0817538,PG-13,110 min,5.7,61127.0
tt0113326,R,87 min,6.7,43372.0
tt0102034,R,91 min,4.2,46611.0
tt0086896,R,94 min,5.8,4082.0
tt0881320,R,108 min,5.9,56142.0
tt0081400,PG,115 min,5.1,4892.0
tt1524137,R,109 min,6.4,124023.0
tt6421110,R,89 min,5.0,10178.0
tt3608930,R,104 min,6.1,19664.0
tt0366174,PG-13,97 min,4.7,32316.0
tt0469021,R,90 min,6.9,32216.0
tt2112124,Not Rated,141 min,6.1,56944.0
tt0051337,G,88 min,7.1,13775.0
tt0427954,R,111 min,7.0,37850.0
tt0071424,PG,93 min,6.6,7261.0
tt0110725,R,101 min,4.6,24402.0
tt0076070,R,109 min,6.4,23920.0
tt5670152,R,96 min,5.9,20752.0
tt0120008,R,87 min,6.1,29542.0
tt1747958,R,127 min,6.5,20500.0
tt0408345,PG-13,105 min,5.8,58448.0
tt0090660,PG-13,88 min,5.7,12062.0
tt0106770,PG-13,120 min,7.0,31668.0
tt0111512,R,102 min,7.5,46922.0
tt0115986,R,84 min,4.6,20768.0
tt0117723,PG-13,81 min,5.3,38719.0
tt0066832,GP,114 min,6.2,6235.0
tt3672742,Not Rated,93 min,6.7,28609.0
tt0100232,18+,113 min,5.5,17198.0
tt0099385,R,89 min,5.7,19466.0
tt0104346,R,101 min,6.5,9692.0
tt0108308,PG,96 min,4.8,34253.0
tt0120696,R,97 min,5.9,36041.0
tt3863552,Not Rated,163 min,8.1,90305.0
tt9537292,Not Rated,163 min,7.3,20415.0
tt0104073,R,107 min,6.9,12451.0
tt0339147,R,80 min,5.6,9051.0
tt0106950,R,95 min,5.9,29412.0
tt3268668,PG-13,97 min,5.4,6997.0
tt0072895,R,90 min,5.6,6482.0
tt0116277,R,116 min,5.9,49316.0
tt0109402,PG-13,94 min,5.8,21490.0
tt0069895,R,103 min,6.1,13746.0
tt0111143,PG-13,108 min,6.0,25996.0
tt0087903,R,87 min,5.2,3088.0
tt0454824,PG-13,140 min,6.5,43328.0
tt0173840,PG-13,106 min,6.4,82711.0
tt2938956,PG-13,96 min,5.2,42907.0
tt0111323,R,96 min,6.2,12287.0
tt2101341,R,118 min,6.4,68694.0
tt0102095,PG-13,88 min,5.8,7269.0
tt0060588,Approved,128 min,6.8,7701.0
tt0370032,PG-13,88 min,4.3,82699.0
tt2675914,R,116 min,7.1,27788.0
tt0227984,R,93 min,6.3,49895.0
tt2625030,Not Rated,135 min,7.5,24587.0
tt0099277,R,99 min,5.9,7964.0
tt0076716,G,113 min,6.3,8080.0
tt0228750,R,135 min,6.3,57768.0
tt0414852,R,84 min,7.1,71391.0
tt7262882,Not Rated,107 min,6.5,9049.0
tt0082817,R,99 min,6.3,20412.0
tt3205376,R,84 min,6.9,46292.0
tt0091981,PG-13,94 min,4.7,4706.0
tt0080377,PG,116 min,6.1,19961.0
tt0246894,PG-13,98 min,3.1,28625.0
tt6951892,PG-13,110 min,4.5,4709.0
tt0473444,R,114 min,7.0,44791.0
tt0167456,PG,95 min,4.3,14071.0
tt0098987,R,104 min,6.4,18546.0
tt0086508,R,105 min,6.3,10874.0
tt0098051,R,108 min,6.4,10394.0
tt9225192,Not Rated,116 min,6.6,3687.0
tt0329717,PG-13,116 min,5.3,38030.0
tt0089003,R,92 min,5.8,16116.0
tt0099044,R,95 min,5.9,42655.0
tt0120389,PG,99 min,3.6,9167.0
tt0084316,PG,99 min,3.6,3986.0
tt0110678,R,118 min,6.1,21060.0
tt0087451,PG,91 min,5.6,11234.0
tt0068931,PG,100 min,6.8,14603.0
tt0157472,PG,94 min,5.2,14611.0
tt0015324,Passed,45 min,8.2,51178.0
tt0119123,R,105 min,5.1,18370.0
tt6643972,R,96 min,5.6,11756.0
tt0102789,R,102 min,6.1,18966.0
tt0284490,PG-13,95 min,5.5,63748.0
tt0277941,R,110 min,6.4,27421.0
tt0099817,R,91 min,6.1,12806.0
tt0450232,PG-13,102 min,6.6,131968.0
tt0071110,PG,107 min,5.7,10866.0
tt0120609,R,91 min,6.0,30500.0
tt0066549,G,123 min,7.2,10934.0
tt1430612,PG-13,90 min,5.6,42980.0
tt6777338,Not Rated,124 min,6.6,15350.0
tt0094631,R,91 min,6.3,16007.0
tt2888046,PG-13,105 min,7.0,56802.0
tt3208026,R,100 min,6.8,12289.0
tt0117011,R,101 min,5.5,22814.0
tt0087065,PG,101 min,6.5,7853.0
tt0117420,PG-13,95 min,5.6,26726.0
tt0216651,R,103 min,7.6,32928.0
tt0119013,R,93 min,4.8,35162.0
tt0109493,PG-13,102 min,5.9,8587.0
tt0365929,R,101 min,5.5,39426.0
tt0094025,R,117 min,6.7,27312.0
tt0091344,PG-13,105 min,3.9,6301.0
tt0097670,R,97 min,5.5,3504.0
tt0105477,PG-13,87 min,4.3,43200.0
tt0208988,R,102 min,5.1,35223.0
tt0065215,M,123 min,6.0,2084.0
tt0071571,PG,98 min,6.4,9325.0
tt0306685,R,101 min,5.8,45526.0
tt0067824,R,99 min,6.9,27766.0
tt0089222,PG-13,101 min,6.2,9048.0
tt8165192,Not Rated,126 min,6.5,5057.0
tt0192614,PG-13,106 min,5.6,32799.0
tt0113972,R,90 min,6.3,43516.0
tt0347473,Not Rated,182 min,7.0,37037.0
tt0099160,R,102 min,5.7,16051.0
tt1196948,R,103 min,6.3,28981.0
tt0090735,R,100 min,5.5,6156.0
tt0337917,PG,91 min,5.2,10628.0
tt0089087,R,114 min,6.9,10441.0
tt0297181,PG-13,97 min,5.4,52209.0
tt0092857,R,99 min,5.4,10210.0
tt2072233,R,95 min,5.6,33090.0
tt0112389,G,90 min,7.1,4247.0
tt0090350,R,134 min,6.8,16492.0
tt5466186,PG-13,107 min,5.9,16232.0
tt5084170,R,140 min,6.7,18342.0
tt0120458,R,99 min,5.0,28691.0
tt0069121,R,88 min,6.7,5430.0
tt0119731,R,107 min,6.1,31584.0
tt0258038,PG-13,81 min,5.2,14597.0
tt7137846,PG-13,88 min,5.5,16247.0
tt0450405,PG-13,109 min,5.8,46993.0
tt0088936,R,101 min,6.0,8457.0
tt0349710,PG-13,115 min,6.5,58309.0
tt0901487,R,130 min,7.2,36420.0
tt0097967,R,108 min,5.8,12004.0
tt0067770,PG,112 min,6.8,9723.0
tt5208950,R,110 min,5.0,5654.0
tt0059825,Not Rated,133 min,7.8,17186.0
tt1291652,R,124 min,6.7,18945.0
tt1183252,R,110 min,6.9,18419.0
tt0765432,R,150 min,7.3,38658.0
tt0109403,R,102 min,5.1,6814.0
tt0092997,R,105 min,6.6,7965.0
tt0411272,R,133 min,7.4,30284.0
tt0280486,PG-13,116 min,5.6,48653.0
tt0115783,R,84 min,5.8,38974.0
tt0120512,PG,106 min,6.3,7655.0
tt0098180,R,105 min,5.1,9251.0
tt5669936,R,90 min,4.2,8967.0
tt1562871,Not Rated,156 min,4.7,43817.0
tt0085276,R,100 min,5.9,9711.0
tt1305591,PG,88 min,5.4,22975.0
tt0074564,PG,115 min,5.8,4592.0
tt1212974,R,109 min,4.5,13896.0
tt0097637,PG-13,101 min,6.0,34346.0
tt0096098,R,110 min,6.8,14142.0
tt0067810,R,97 min,5.5,5501.0
tt1032751,R,100 min,6.2,26676.0
tt0114576,R,111 min,5.8,35318.0
tt0118966,R,100 min,6.1,17152.0
tt0109288,PG-13,92 min,5.0,10023.0
tt0107711,R,94 min,5.7,24976.0
tt0244000,PG-13,94 min,5.9,16809.0
tt6017942,PG-13,102 min,5.8,17594.0
tt0071249,R,112 min,7.4,20450.0
tt0288045,PG-13,88 min,5.2,42363.0
tt1407084,R,93 min,5.6,12390.0
tt0086346,PG,90 min,5.4,6123.0
tt0144964,R,87 min,4.6,20685.0
tt0116421,R,91 min,5.4,20521.0
tt0464913,Not Rated,99 min,7.0,21638.0
tt0402057,R,103 min,5.8,18244.0
tt0101458,R,158 min,6.8,10610.0
tt0988047,PG-13,114 min,6.9,58199.0
tt0120479,PG,101 min,4.7,3323.0
tt3390572,Not Rated,160 min,8.0,55633.0
tt0114938,R,98 min,5.8,7348.0
tt9541602,Not Rated,111 min,7.0,11250.0
tt2017561,PG-13,110 min,6.7,13214.0
tt0120390,R,100 min,4.9,12089.0
tt0124901,R,87 min,7.1,18897.0
tt0109578,R,95 min,4.8,8119.0
tt0066471,PG,145 min,6.6,3722.0
tt0403016,PG-13,80 min,4.3,4760.0
tt4535650,Not Rated,158 min,5.0,35993.0
tt1934231,Not Rated,103 min,7.5,30624.0
tt1029231,Not Rated,152 min,5.3,23828.0
tt0218817,PG-13,108 min,6.1,29672.0
tt0845046,PG-13,96 min,7.0,32286.0
tt0120036,R,140 min,7.2,8430.0
tt0102800,PG,85 min,5.4,6676.0
tt0071266,R,80 min,5.3,2769.0
tt1741243,R,112 min,5.9,11587.0
tt1555149,Not Rated,115 min,8.0,84071.0
tt0441048,Not Rated,152 min,6.5,27740.0
tt0079336,PG,103 min,7.3,9048.0
tt0074279,PG,93 min,5.5,4831.0
tt1046997,R,160 min,6.1,18795.0
tt5737536,R,88 min,3.2,6490.0
tt0280380,R,106 min,6.1,24536.0
tt2309961,R,85 min,6.2,24415.0
tt1912398,R,105 min,7.1,70714.0
tt0071866,PG,103 min,6.7,9027.0
tt0092534,PG,99 min,4.5,9771.0
tt0193253,R,102 min,7.4,17380.0
tt6931414,Not Rated,136 min,7.0,5454.0
tt0338325,PG-13,84 min,5.7,15298.0
tt0087727,R,101 min,5.4,15475.0
tt1656186,R,96 min,5.5,45511.0
tt0097987,PG-13,93 min,4.4,6628.0
tt0032484,Passed,120 min,7.5,21707.0
tt0085862,PG,107 min,6.3,12901.0
tt0061420,PG,113 min,5.9,2553.0
tt2140037,R,98 min,5.9,22904.0
tt0455362,R,91 min,5.1,13572.0
tt2126235,PG-13,99 min,5.6,16633.0
tt4832640,Not Rated,170 min,7.0,47902.0
tt0358349,PG,100 min,4.5,15319.0
tt0067334,Approved,106 min,6.7,10962.0
tt1656192,R,109 min,6.3,19053.0
tt0179626,R,120 min,6.1,50905.0
tt1480295,R,91 min,5.4,37893.0
tt0096425,R,91 min,5.3,4448.0
tt2167202,PG-13,90 min,4.4,24583.0
tt0083064,R,122 min,6.3,6333.0
tt0086618,PG,96 min,5.9,8233.0
tt0314786,PG-13,98 min,5.7,17420.0
tt7087210,R,101 min,5.4,2304.0
tt0108517,R,98 min,5.4,6332.0
tt0923811,PG-13,98 min,7.6,25101.0
tt2016940,R,105 min,6.0,39739.0
tt0183869,Not Rated,88 min,6.5,56741.0
tt0098369,PG,94 min,4.4,3532.0
tt0096945,R,86 min,6.3,17682.0
tt0059885,Approved,117 min,7.1,14407.0
tt0119472,Not Rated,87 min,7.8,31496.0
tt0107563,PG,100 min,5.2,8447.0
tt0109676,R,101 min,5.6,20891.0
tt1606384,R,137 min,7.6,11989.0
tt5595168,PG-13,110 min,6.7,22168.0
tt0067065,G,98 min,6.3,36341.0
tt0098471,PG-13,96 min,6.2,12219.0
tt0069336,R,90 min,5.2,693.0
tt0090568,R,115 min,5.7,5460.0
tt0093278,PG-13,107 min,4.6,11407.0
tt5709188,PG,98 min,5.3,12350.0
tt0069890,PG,89 min,5.9,3262.0
tt1659343,R,114 min,5.0,20720.0
tt0461703,R,110 min,4.5,13556.0
tt0073906,PG,119 min,6.8,9542.0
tt0245803,PG-13,104 min,5.4,51025.0
tt0768212,PG,90 min,6.2,21800.0
tt0094961,R,84 min,6.0,8497.0
tt0093780,R,109 min,6.3,10956.0
tt8116428,Not Rated,142 min,7.1,7882.0
tt0099991,R,106 min,5.8,1505.0
tt0411475,R,84 min,5.0,16074.0
tt0318081,PG-13,110 min,4.2,19984.0
tt0857190,R,112 min,6.1,19955.0
tt7312940,PG-13,92 min,3.6,11414.0
tt0095977,R,96 min,4.6,1910.0
tt0097613,R,97 min,5.5,8761.0
tt0365675,PG-13,106 min,6.3,12647.0
tt0104511,R,112 min,6.2,10463.0
tt0363226,R,116 min,7.5,50156.0
tt6904272,Not Rated,114 min,6.6,3513.0
tt0099575,PG-13,85 min,4.7,6760.0
tt0088224,PG,113 min,5.7,4459.0
tt0087268,R,93 min,6.4,2775.0
tt1780762,R,89 min,4.8,12002.0
tt0085318,R,95 min,5.0,2484.0
tt0105636,R,101 min,6.3,13225.0
tt0281364,R,94 min,6.6,40988.0
tt0102004,R,111 min,6.3,21336.0
tt0107750,PG-13,99 min,6.5,6451.0
tt4687276,TV-MA,89 min,4.3,5005.0
tt8291224,Not Rated,138 min,8.2,65713.0
tt1620719,Not Rated,126 min,6.2,33080.0
tt0073018,R,119 min,6.7,19374.0
tt0067774,PG,114 min,6.9,4140.0
tt0403358,R,114 min,6.4,54423.0
tt1833673,Not Rated,172 min,5.4,47183.0
tt3399916,R,107 min,6.3,5085.0
tt0082648,PG,98 min,4.9,2325.0
tt7294150,Not Rated,149 min,6.7,6174.0
tt0089348,R,107 min,5.4,10240.0
tt1655461,PG-13,86 min,5.7,4367.0
tt1684233,R,99 min,6.1,33812.0
tt0107096,R,140 min,6.8,14576.0
tt0422091,Not Rated,129 min,6.6,21019.0
tt0054310,Approved,97 min,7.1,7826.0
tt0110027,PG-13,99 min,4.4,21409.0
tt0061024,Approved,115 min,6.1,2011.0
tt3508840,Not Rated,105 min,6.3,17212.0
tt0112922,R,99 min,7.3,22340.0
tt4034452,R,120 min,6.5,8092.0
tt0490181,R,111 min,5.2,26674.0
tt0119664,R,117 min,5.5,28142.0
tt1425257,R,115 min,6.4,8976.0
tt1535612,R,90 min,5.1,17382.0
tt0176269,R,83 min,4.2,29844.0
tt0074205,PG,88 min,5.6,3444.0
tt0326769,PG-13,110 min,4.6,13645.0
tt0087932,R,121 min,6.6,9212.0
tt0069768,G,93 min,5.4,31778.0
tt0360009,R,106 min,6.5,32347.0
tt0290747,R,97 min,4.0,6724.0
tt0097880,R,98 min,6.0,5949.0
tt2295722,R,103 min,5.7,8920.0
tt0072351,PG,104 min,6.6,2541.0
tt7420342,R,112 min,5.4,10788.0
tt1474276,PG,114 min,7.4,30251.0
tt0081568,R,131 min,7.0,9923.0
tt0092548,R,90 min,4.9,9104.0
tt0091757,PG-13,121 min,6.0,8957.0
tt0090678,R,104 min,5.8,3035.0
tt0070030,PG,118 min,7.2,6588.0
tt0120207,PG-13,97 min,2.9,14310.0
tt0095626,R,91 min,5.4,3044.0
tt0456020,R,97 min,5.8,10217.0
tt0093648,PG,96 min,6.5,2763.0
tt0099587,PG-13,115 min,5.7,7321.0
tt2263944,TV-PG,85 min,7.1,28624.0
tt0087805,R,92 min,5.4,4915.0
tt0068408,PG,88 min,6.1,33586.0
tt2330866,Not Rated,135 min,6.8,10830.0
tt0091575,R,100 min,5.9,5868.0
tt1270835,R,85 min,5.4,14194.0
tt4914580,TV-MA,140 min,7.1,10341.0
tt0120670,R,89 min,4.8,4088.0
tt0119484,PG-13,95 min,4.8,8488.0
tt0246544,PG-13,104 min,4.7,14746.0
tt6927152,Not Rated,121 min,6.3,4432.0
tt0078740,PG,113 min,4.4,6517.0
tt3541262,Not Rated,128 min,7.1,12284.0
tt0116704,PG-13,107 min,6.6,21435.0
tt0131646,PG-13,100 min,4.3,17017.0
tt0181836,R,82 min,5.7,2424.0
tt0109206,Not Rated,119 min,7.5,5015.0
tt4738360,R,99 min,6.1,7401.0
tt1287468,PG,82 min,4.3,15560.0
tt0067535,PG-13,106 min,6.0,1971.0
tt0097731,PG-13,90 min,6.8,6499.0
tt0065570,R,102 min,6.0,1271.0
tt0400234,Not Rated,143 min,8.4,21267.0
tt0070736,R,95 min,6.1,3426.0
tt0105219,R,95 min,6.2,9849.0
tt1130988,R,97 min,7.1,39392.0
tt0278295,R,95 min,5.8,15064.0
tt0120610,PG-13,89 min,5.4,9505.0
tt0120757,R,92 min,4.3,9248.0
tt7363076,Not Rated,122 min,7.4,18002.0
tt0116839,PG-13,93 min,2.5,9769.0
tt0210234,G,99 min,6.0,22729.0
tt0097662,R,94 min,6.3,5249.0
tt0118900,R,111 min,6.4,9309.0
tt1641841,R,96 min,5.6,8229.0
tt0087222,R,90 min,5.9,4328.0
tt1629705,R,102 min,6.5,9982.0
tt0117786,PG-13,88 min,6.2,27669.0
tt0091055,PG,105 min,5.1,7063.0
tt3175038,Not Rated,129 min,6.5,21204.0
tt0100224,R,97 min,6.6,9615.0
tt0105813,R,101 min,6.0,8333.0
tt0104647,PG-13,102 min,5.9,11107.0
tt0070672,PG,103 min,6.8,5929.0
tt0785035,R,98 min,6.2,31122.0
tt3576728,PG-13,105 min,7.6,18790.0
tt0120317,PG,89 min,4.6,4618.0
tt2720826,PG-13,95 min,5.6,8477.0
tt0086192,R,90 min,6.0,5463.0
tt0072737,PG,96 min,6.1,4172.0
tt7745068,PG-13,96 min,7.4,11152.0
tt0096211,R,96 min,5.6,1923.0
tt0095863,R,97 min,6.4,15760.0
tt0780595,PG-13,95 min,4.0,8891.0
tt0079268,PG,109 min,6.0,5550.0
tt0231448,R,96 min,5.6,7604.0
tt0061810,Unrated,114 min,6.1,5807.0
tt0085994,PG,99 min,6.1,2303.0
tt0109412,R,89 min,5.9,2508.0
tt7180544,Not Rated,154 min,8.0,8079.0
tt0099399,R,111 min,4.9,7695.0
tt4272866,PG-13,119 min,7.6,24854.0
tt2111392,R,92 min,5.1,6147.0
tt3014078,TV-14,90 min,5.1,892.0
tt1332134,Not Rated,116 min,7.5,19300.0
tt0373283,PG-13,90 min,6.7,20961.0
tt0073778,R,91 min,6.5,3924.0
tt0014429,Not Rated,74 min,8.1,21254.0
tt0071824,PG,111 min,6.2,5487.0
tt0085387,R,100 min,5.5,5008.0
tt0372873,PG-13,107 min,3.5,24748.0
tt0087062,PG,93 min,5.5,10211.0
tt0110399,R,108 min,5.9,7474.0
tt6836936,Not Rated,170 min,5.0,20582.0
tt0108148,PG-13,85 min,7.5,16668.0
tt0118539,PG,93 min,2.9,11879.0
tt1149361,R,105 min,7.1,30609.0
tt6399158,Not Rated,126 min,6.8,5908.0
tt0093966,R,115 min,5.4,5173.0
tt0295721,Not Rated,84 min,5.8,43705.0
tt0164917,R,90 min,6.5,3999.0
tt1153706,PG-13,83 min,3.5,12450.0
tt0339840,R,97 min,5.4,14434.0
tt3320578,Not Rated,161 min,6.5,8552.0
tt0111400,PG-13,102 min,5.5,14133.0
tt7392212,Not Rated,170 min,8.2,25579.0
tt0091706,R,93 min,5.4,1829.0
tt1124039,PG-13,105 min,5.7,19600.0
tt2952602,Not Rated,100 min,6.4,11389.0
tt1214962,R,105 min,6.1,46866.0
tt0083366,PG,93 min,6.2,4588.0
tt0488414,Not Rated,155 min,8.1,21123.0
tt2582498,R,93 min,6.2,11063.0
tt1533117,Not Rated,132 min,7.3,12061.0
tt4372390,R,97 min,6.2,6182.0
tt0399327,PG-13,83 min,5.5,26051.0
tt0099409,R,105 min,5.4,7823.0
tt0056142,Not Rated,91 min,5.7,10587.0
tt0120769,PG-13,122 min,6.1,11820.0
tt0455326,R,86 min,6.7,14199.0
tt0086379,PG,96 min,4.9,4022.0
tt0297162,PG-13,98 min,4.6,16115.0
tt0106393,R,101 min,5.5,6069.0
tt0097579,R,113 min,6.4,7181.0
tt0098097,PG-13,122 min,5.3,11853.0
tt0077278,PG,89 min,6.5,6411.0
tt4294052,Not Rated,87 min,4.7,5583.0
tt0920458,Not Rated,130 min,7.2,19192.0
tt2865120,PG,94 min,5.5,11255.0
tt0068168,R,102 min,7.0,6549.0
tt3404158,Not Rated,137 min,6.8,6455.0
tt0068718,PG,101 min,6.8,6572.0
tt0104897,R,89 min,5.5,7869.0
tt0088757,R,93 min,4.8,1751.0
tt0109688,R,100 min,7.0,15917.0
tt0118647,R,115 min,6.8,9596.0
tt0066767,GP,99 min,6.4,8203.0
tt10550884,Not Rated,129 min,6.3,3521.0
tt0080934,R,109 min,5.3,4486.0
tt0094033,R,100 min,5.1,5252.0
tt0444182,R,120 min,7.0,14796.0
tt0052415,Approved,167 min,7.1,8349.0
tt0093483,R,92 min,5.8,3316.0
tt0093164,R,101 min,5.6,2255.0
tt1097013,R,84 min,5.7,10823.0
tt0401233,R,101 min,6.9,18245.0
tt10648440,Not Rated,103 min,7.0,6634.0
tt0906665,R,121 min,6.1,15504.0
tt0884224,R,107 min,5.5,22175.0
tt0084935,PG,88 min,4.3,3320.0
tt0354766,R,88 min,5.6,5928.0
tt1756799,R,87 min,5.2,12917.0
tt8550208,Not Rated,141 min,6.6,6004.0
tt0439662,Not Rated,168 min,7.1,33610.0
tt0089604,R,100 min,5.3,8705.0
tt0107612,PG,84 min,3.8,9631.0
tt0250720,PG,94 min,5.3,9443.0
tt0109015,PG,93 min,4.5,9496.0
tt0081259,R,103 min,5.0,5808.0
tt0102202,R,90 min,4.5,5992.0
tt1017456,Not Rated,149 min,6.6,15166.0
tt0072325,R,91 min,6.9,3335.0
tt0326208,R,111 min,7.1,8861.0
tt0112255,PG-13,85 min,4.3,6028.0
tt0134033,R,99 min,6.3,10152.0
tt0249371,R,180 min,6.4,14435.0
tt0105824,PG-13,126 min,6.4,2929.0
tt0091003,PG,96 min,4.8,2377.0
tt0089243,R,90 min,4.3,4282.0
tt0814022,R,99 min,5.3,57276.0
tt0101846,PG-13,108 min,5.8,11200.0
tt5481184,PG-13,109 min,4.5,2753.0
tt0913354,PG-13,88 min,5.7,31141.0
tt2372222,Not Rated,146 min,6.1,70898.0
tt5613834,Not Rated,145 min,6.2,7033.0
tt0068617,PG,92 min,5.4,2017.0
tt0041163,Approved,118 min,7.4,7430.0
tt0160009,R,117 min,5.7,30252.0
tt3202890,R,96 min,5.2,6461.0
tt2212008,R,108 min,5.2,16536.0
tt0110093,PG,123 min,5.3,12252.0
tt0064866,R,112 min,7.1,5373.0
tt0913968,R,126 min,7.0,27203.0
tt0090693,R,109 min,6.1,3060.0
tt0059557,Unrated,108 min,6.4,6673.0
tt0118736,PG-13,91 min,6.4,7630.0
tt0094764,R,90 min,6.3,7215.0
tt0860907,TV-14,96 min,6.9,16359.0
tt2436516,Not Rated,111 min,6.6,14191.0
tt2433040,PG,103 min,5.1,3575.0
tt0069976,R,107 min,6.9,5483.0
tt0060897,Unrated,95 min,5.5,4406.0
tt0193560,PG-13,90 min,5.2,6125.0
tt3802576,Not Rated,156 min,6.4,13346.0
tt0097166,R,102 min,6.1,4208.0
tt0763840,R,106 min,5.6,11039.0
tt0071706,PG,109 min,6.6,5931.0
tt0409904,R,132 min,6.4,34733.0
tt0091603,R,97 min,5.2,740.0
tt4717402,R,94 min,6.7,4742.0
tt0082350,R,106 min,5.5,4124.0
tt1653690,R,99 min,4.9,14189.0
tt0308208,R,91 min,3.6,20350.0
tt0101412,PG-13,107 min,4.1,3414.0
tt0081249,PG,94 min,5.1,3389.0
tt7160176,Not Rated,140 min,6.8,2841.0
tt0094293,R,106 min,5.9,5579.0
tt2025526,R,122 min,7.1,12343.0
tt7131870,Not Rated,123 min,5.9,8352.0
tt4939066,Not Rated,111 min,6.2,5810.0
tt6083388,Not Rated,128 min,6.4,2325.0
tt1634136,R,88 min,6.0,12891.0
tt2401097,PG-13,94 min,5.6,19632.0
tt1198101,Not Rated,123 min,6.0,13382.0
tt0109575,R,120 min,5.6,4540.0
tt0811066,Not Rated,122 min,7.1,10456.0
tt2409302,Not Rated,129 min,7.1,8462.0
tt0382383,Not Rated,161 min,7.3,9056.0
tt4439102,R,88 min,4.2,2174.0
tt0098503,R,102 min,5.0,6814.0
tt0073600,PG,88 min,6.6,6801.0
tt7255568,Not Rated,146 min,2.1,21156.0
tt1247640,R,101 min,6.5,45186.0
tt3819668,Not Rated,93 min,7.2,22810.0
tt1703049,TV-14,90 min,7.4,5563.0
tt0281820,R,109 min,6.5,10634.0
tt0992911,R,88 min,6.7,13363.0
tt0071788,R,89 min,6.6,1516.0
tt1533749,R,131 min,6.8,19683.0
tt0089847,R,91 min,5.7,4809.0
tt0235679,G,93 min,5.8,14453.0
tt0120724,R,91 min,4.8,15588.0
tt1884457,R,95 min,4.9,4260.0
tt1925518,R,104 min,5.2,7229.0
tt0084788,R,90 min,5.8,3512.0
tt2852400,Not Rated,130 min,7.1,12091.0
tt0095382,PG,105 min,3.8,5247.0
tt0114048,PG,107 min,5.2,9331.0
tt0059792,Not Rated,88 min,6.2,6478.0
tt0084861,R,97 min,6.4,2576.0
tt0097991,R,92 min,5.0,1919.0
tt1167660,Not Rated,101 min,6.8,15488.0
tt0335121,PG-13,102 min,4.8,25951.0
tt0476995,PG,111 min,5.5,6079.0
tt4768764,Not Rated,123 min,7.0,7020.0
tt0386064,R,140 min,8.0,40132.0
tt1886493,R,94 min,4.6,17492.0
tt1718199,R,98 min,7.0,15196.0
tt0211938,R,119 min,5.7,12771.0
tt0348121,PG-13,126 min,6.8,18016.0
tt0080472,PG,116 min,6.1,12163.0
tt0850253,R,98 min,6.6,14902.0
tt0032762,Approved,94 min,7.5,10426.0
tt3147312,R,88 min,6.1,10210.0
tt0102655,R,83 min,5.9,4553.0
tt0098502,R,102 min,4.3,4875.0
tt8869978,Not Rated,146 min,7.2,12088.0
tt1456661,R,106 min,6.2,10696.0
tt0101326,R,99 min,3.9,5114.0
tt0099327,PG,82 min,5.7,1076.0
tt0065230,G,89 min,5.7,1364.0
tt0254481,Not Rated,171 min,7.1,25141.0
tt0806027,R,91 min,5.2,15034.0
tt7095654,Not Rated,123 min,6.5,2746.0
tt3501416,Not Rated,140 min,7.2,7372.0
tt0091671,R,99 min,5.8,2611.0
tt0089283,R,112 min,5.7,3552.0
tt3001638,Not Rated,122 min,6.8,10997.0
tt0118927,R,95 min,4.4,1961.0
tt0444628,R,118 min,6.1,4634.0
tt0374345,R,123 min,7.2,10247.0
tt0142192,R,110 min,6.0,18678.0
tt0120856,PG,83 min,3.9,2287.0
tt0089104,R,89 min,4.6,2807.0
tt2393845,R,90 min,5.8,23695.0
tt0045197,Approved,84 min,6.6,2062.0
tt0119709,R,99 min,5.6,6145.0
tt0108656,R,103 min,6.7,6934.0
tt1717715,Not Rated,90 min,4.9,5160.0
tt9635616,Not Rated,125 min,5.5,1328.0
tt5303442,R,106 min,5.1,1239.0
tt5970844,Not Rated,164 min,4.0,21252.0
tt0093771,R,107 min,6.2,5295.0
tt0112495,R,100 min,6.5,5288.0
tt0065579,R,97 min,6.5,2462.0
tt0096804,R,89 min,3.7,5555.0
tt7431594,Not Rated,160 min,1.9,47148.0
tt0389328,R,97 min,4.9,12124.0
tt0100604,PG-13,97 min,6.4,2458.0
tt1545759,R,84 min,6.8,14261.0
tt0259974,PG,82 min,6.0,7579.0
tt0093011,R,104 min,5.3,3814.0
tt1532538,R,100 min,4.9,878.0
tt2984576,R,95 min,3.0,1652.0
tt0087344,PG,87 min,6.1,6531.0
tt3679060,Not Rated,124 min,5.1,8231.0
tt0252223,PG-13,99 min,4.8,2688.0
tt0119640,PG,108 min,4.5,6880.0
tt1274295,Not Rated,130 min,7.4,17459.0
tt0096087,R,97 min,6.0,3551.0
tt0093828,PG-13,85 min,6.0,4453.0
tt1986769,PG-13,103 min,4.7,907.0
tt0101831,R,99 min,4.9,2411.0
tt0092585,PG-13,88 min,5.2,3450.0
tt0117260,R,99 min,5.7,1895.0
tt1185442,Not Rated,161 min,5.7,5311.0
tt7721800,Not Rated,150 min,4.7,31466.0
tt0117688,PG-13,94 min,4.1,4410.0
tt6344664,Not Rated,112 min,7.3,2967.0
tt0116320,R,98 min,5.4,9265.0
tt0094792,R,103 min,4.8,6737.0
tt0034928,Approved,108 min,6.7,4358.0
tt1849718,Not Rated,174 min,6.9,25134.0
tt0112536,R,90 min,4.8,3249.0
tt0084049,PG,110 min,5.6,2818.0
tt0113360,R,110 min,5.9,5375.0
tt2193418,R,99 min,4.5,8118.0
tt0097334,PG-13,117 min,6.3,2917.0
tt1867093,R,90 min,5.6,10040.0
tt0245120,R,90 min,5.3,8873.0
tt0110944,R,107 min,6.4,5061.0
tt0092944,R,90 min,5.9,1491.0
tt0114888,R,88 min,4.8,844.0
tt0315642,Not Rated,103 min,7.1,19345.0
tt2924392,R,93 min,4.4,3645.0
tt0083960,R,90 min,5.5,3212.0
tt0858486,PG,85 min,6.5,11928.0
tt0066001,M/PG,108 min,5.8,1289.0
tt0087589,R,100 min,5.8,2576.0
tt0094048,R,86 min,5.5,2639.0
tt0092641,R,95 min,6.4,5804.0
tt0098165,R,113 min,6.2,1555.0
tt0047464,Approved,100 min,6.0,1672.0
tt0105597,R,96 min,5.4,1899.0
tt0065374,R,171 min,5.4,802.0
tt0808339,Not Rated,108 min,6.4,14359.0
tt0095296,R,96 min,5.2,4119.0
tt8108200,Not Rated,143 min,7.9,12192.0
tt0093405,PG,85 min,2.1,8361.0
tt0073637,PG,126 min,5.2,931.0
tt1486193,R,113 min,5.5,14050.0
tt0079168,PG,90 min,5.1,4058.0
tt0105399,PG-13,104 min,6.4,12069.0
tt7243686,Not Rated,117 min,6.6,2131.0
tt5947416,Not Rated,127 min,7.1,1964.0
tt3678782,Not Rated,134 min,7.4,24514.0
tt1515208,PG-13,124 min,6.5,2426.0
tt0107949,PG-13,99 min,5.0,840.0
tt0091818,R,98 min,5.5,1799.0
tt0102045,R,95 min,5.3,4114.0
tt0099581,R,108 min,6.2,5545.0
tt1305797,Not Rated,174 min,7.1,28293.0
tt0090753,R,83 min,4.4,1249.0
tt0188640,PG,99 min,6.0,8566.0
tt0094021,PG-13,101 min,4.7,1286.0
tt0084786,PG,87 min,5.6,1722.0
tt0069257,R,104 min,6.0,3359.0
tt0084704,R,88 min,5.3,1380.0
tt1003034,R,88 min,6.3,6963.0
tt0034742,Approved,102 min,6.7,4037.0
tt0396857,R,93 min,5.5,6842.0
tt0103184,R,89 min,4.9,5298.0
tt5080556,Not Rated,148 min,6.1,25316.0
tt0102593,R,114 min,5.8,4319.0
tt0067206,R,92 min,4.5,293.0
tt0070726,PG,102 min,7.1,1412.0
tt0079227,PG,95 min,5.0,3477.0
tt0106455,R,92 min,5.0,6251.0
tt4059702,PG-13,90 min,3.0,2327.0
tt6878882,TV-MA,142 min,6.6,7430.0
tt0339091,R,94 min,2.4,1171.0
tt1144804,Not Rated,142 min,3.8,7309.0
tt0294662,R,150 min,6.6,5188.0
tt0100468,R,104 min,4.0,712.0
tt0070183,R,134 min,6.0,742.0
tt0095774,R,102 min,6.2,3219.0
tt10627720,Not Rated,110 min,7.4,7882.0
tt3864024,PG-13,102 min,5.5,9472.0
tt0263728,PG-13,104 min,3.9,2878.0
tt5918028,Not Rated,136 min,6.6,2991.0
tt0090065,PG,100 min,6.4,2328.0
tt0800003,PG-13,90 min,3.6,11298.0
tt0070680,PG,106 min,6.0,1423.0
tt0072225,PG,91 min,5.8,2144.0
tt0088934,PG,95 min,5.9,1054.0
tt0220580,R,108 min,6.8,13338.0
tt1551630,R,88 min,5.7,7232.0
tt4864932,Not Rated,133 min,5.3,9400.0
tt0090073,R,109 min,5.6,2174.0
tt1178640,PG-13,86 min,4.8,1833.0
tt0058203,Not Rated,112 min,7.0,5764.0
tt1123373,PG-13,119 min,6.6,11475.0
tt0072317,PG,170 min,4.5,1426.0
tt0120107,R,103 min,4.9,5028.0
tt0403703,PG,90 min,4.9,8738.0
tt0100053,R,94 min,4.9,4923.0
tt0087229,R,89 min,4.5,2568.0
tt0221111,R,105 min,6.7,8314.0
tt3469244,Not Rated,136 min,5.9,9523.0
tt1013860,PG-13,107 min,5.1,15284.0
tt0085935,PG,84 min,3.8,1822.0
tt2007387,Not Rated,133 min,7.3,6710.0
tt0067055,GP,82 min,5.2,3281.0
tt1041804,PG,110 min,4.1,3990.0
tt3144098,Not Rated,113 min,6.6,3408.0
tt5946852,Not Rated,162 min,7.2,7574.0
tt0119630,PG-13,106 min,5.2,3703.0
tt0016654,Not Rated,88 min,7.0,1972.0
tt1292703,Not Rated,125 min,7.7,17753.0
tt0114697,PG-13,86 min,4.1,3640.0
tt7212726,Not Rated,158 min,5.5,21175.0
tt3103166,PG-13,105 min,4.7,724.0
tt0066612,R,115 min,7.3,4641.0
tt1948150,Not Rated,143 min,6.8,17584.0
tt2301155,Not Rated,155 min,6.0,7155.0
tt0086381,R,86 min,4.3,750.0
tt0287635,G,75 min,5.7,8868.0
tt0091400,R,102 min,5.2,1399.0
tt0105871,PG-13,91 min,5.8,1689.0
tt0064688,G,122 min,6.1,2404.0
tt0082619,PG,90 min,5.5,495.0
tt9412268,TV-14,98 min,6.3,4972.0
tt0091963,PG,105 min,4.6,317.0
tt0095981,PG,97 min,5.4,1287.0
tt0098360,Not Rated,103 min,7.1,12217.0
tt7374952,R,108 min,5.4,1467.0
tt0380538,R,94 min,7.4,5485.0
tt4687848,TV-PG,124 min,5.7,4590.0
tt1776196,TV-PG,110 min,6.9,5162.0
tt0087130,R,88 min,4.5,2076.0
tt0091051,PG,90 min,4.7,1570.0
tt0092812,R,89 min,4.4,1076.0
tt0796212,R,110 min,7.2,9285.0
tt2165735,R,107 min,7.0,10442.0
tt1980986,Not Rated,145 min,5.3,15060.0
tt0105526,R,96 min,5.0,1290.0
tt0070679,R,112 min,5.9,3024.0
tt0238948,PG-13,88 min,5.4,8579.0
tt0347791,G,71 min,6.0,6400.0
tt0275688,R,113 min,5.5,422.0
tt0386741,R,105 min,6.6,16193.0
tt0097373,R,105 min,5.6,2501.0
tt1375789,Not Rated,150 min,5.3,16812.0
tt0068281,R,96 min,5.7,741.0
tt3485166,Not Rated,130 min,6.5,4074.0
tt0076164,PG-13,90 min,5.4,2040.0
tt0072284,R,89 min,6.2,1610.0
tt0098222,R,98 min,4.7,638.0
tt0068663,PG,96 min,6.0,712.0
tt0163579,R,102 min,5.2,9859.0
tt2240046,Not Rated,91 min,3.2,581.0
tt1838571,Not Rated,92 min,6.4,10681.0
tt0120383,R,106 min,6.3,5020.0
tt3228088,PG,91 min,4.4,1274.0
tt0100707,R,85 min,5.7,831.0
tt5735464,Not Rated,143 min,6.6,2480.0
tt0101606,PG-13,98 min,5.6,3041.0
tt4559046,Not Rated,140 min,4.9,9976.0
tt0192657,R,125 min,6.5,8338.0
tt0009682,Not Rated,73 min,5.7,867.0
tt1937133,R,96 min,5.8,5662.0
tt0234000,Not Rated,172 min,6.9,15691.0
tt0488906,Not Rated,116 min,4.8,3594.0
tt3054798,Not Rated,120 min,6.3,2189.0
tt7156436,Not Rated,119 min,5.4,1381.0
tt0462229,PG-13,84 min,4.6,11893.0
tt0066745,PG-13,104 min,5.9,2132.0
tt7639372,Not Rated,130 min,4.2,7291.0
tt0323013,Not Rated,186 min,7.8,23944.0
tt0098188,R,106 min,5.4,3730.0
tt0015163,Unrated,59 min,7.6,10260.0
tt0092854,R,91 min,4.9,1025.0
tt0083726,R,108 min,6.2,2410.0
tt0064321,R,86 min,4.4,464.0
tt0103617,R,98 min,3.7,3035.0
tt0091313,R,95 min,4.2,2111.0
tt0092969,R,89 min,6.2,884.0
tt2972482,Not Rated,137 min,6.8,3573.0
tt0091282,PG,105 min,4.9,1046.0
tt7336572,TV-14,101 min,6.3,3246.0
tt2762334,Not Rated,128 min,5.1,9249.0
tt2495118,PG-13,100 min,6.1,11334.0
tt0065401,PG-13,86 min,5.1,440.0
tt7752454,R,121 min,6.1,2802.0
tt6548966,TV-14,85 min,6.8,2255.0
tt3142232,Not Rated,146 min,5.2,9977.0
tt0097211,R,98 min,6.2,2426.0
tt0244479,R,112 min,7.2,5935.0
tt0203408,PG-13,100 min,3.5,5426.0
tt0245891,PG,93 min,5.7,1312.0
tt5465370,Not Rated,137 min,5.9,4256.0
tt0373416,PG-13,95 min,4.3,5849.0
tt0289408,PG,73 min,6.5,10385.0
tt0103303,R,111 min,5.6,2779.0
tt1620933,Not Rated,135 min,8.2,36777.0
tt0070169,R,94 min,5.9,1610.0
tt2503954,R,101 min,5.7,2254.0
tt1806913,Not Rated,140 min,4.9,9824.0
tt0092767,R,91 min,4.5,863.0
tt3859980,Not Rated,155 min,5.6,12098.0
tt0102818,R,91 min,6.2,2966.0
tt0168172,PG-13,85 min,2.6,7053.0
tt1079360,R,84 min,4.8,2124.0
tt9742422,Not Rated,112 min,5.7,495.0
tt6595896,PG,98 min,6.3,7066.0
tt0444781,Not Rated,158 min,5.4,5240.0
tt0090904,R,95 min,5.5,1452.0
tt0098967,Not Rated,96 min,6.7,7066.0
tt0107819,PG-13,97 min,4.5,2108.0
tt0104215,R,87 min,5.3,1411.0
tt0161942,PG-13,98 min,4.7,1053.0
tt0216772,R,86 min,4.1,1315.0
tt0082525,PG,107 min,5.2,1096.0
tt1091229,PG-13,154 min,4.2,8908.0
tt7521990,TV-14,100 min,5.6,1339.0
tt0050251,TV-Y7,85 min,6.1,1700.0
tt0995752,Not Rated,120 min,3.8,5590.0
tt0071292,R,104 min,6.0,640.0
tt0053334,Approved,88 min,6.4,1363.0
tt0161084,Not Rated,101 min,5.2,559.0
tt0305396,PG,90 min,5.4,8039.0
tt2404027,Not Rated,96 min,6.8,1865.0
tt2166214,Not Rated,141 min,4.3,7379.0
tt0071221,R,85 min,6.2,2359.0
tt1728986,PG,155 min,5.6,9326.0
tt1599975,Not Rated,139 min,6.5,4101.0
tt0969269,Not Rated,89 min,7.1,7781.0
tt0253126,R,86 min,6.1,3627.0
tt0045339,Approved,104 min,6.8,2127.0
tt0098205,R,101 min,4.4,1363.0
tt1726861,R,105 min,6.6,5645.0
tt0069278,PG,101 min,5.6,2066.0
tt0185101,R,99 min,6.1,1754.0
tt2296404,Not Rated,100 min,6.1,3570.0
tt0098619,R,97 min,6.3,689.0
tt4701702,PG-13,134 min,6.9,4030.0
tt6843812,Not Rated,137 min,4.8,11129.0
tt0095709,PG,92 min,6.6,3793.0
tt1772872,Not Rated,135 min,5.2,2433.0
tt0006333,Passed,85 min,6.1,1860.0
tt2556308,Not Rated,160 min,7.2,28926.0
tt1684548,R,90 min,3.5,1246.0
tt0088689,R,98 min,6.1,1256.0
tt0283160,PG-13,93 min,4.4,5580.0
tt4219130,TV-MA,113 min,7.1,4119.0
tt0109959,R,94 min,5.2,3671.0
tt1683921,Not Rated,103 min,6.6,4946.0
tt0053335,Passed,82 min,3.8,367.0
tt1858481,R,97 min,5.7,7171.0
tt0089984,G,100 min,7.2,3014.0
tt0095496,R,103 min,5.1,1249.0
tt0048642,PG,91 min,5.3,606.0
tt3595298,Not Rated,164 min,4.4,22607.0
tt3585004,Not Rated,118 min,5.3,1376.0
tt0047189,Not Rated,106 min,5.7,820.0
tt1783232,Not Rated,162 min,6.5,58447.0
tt0095640,R,108 min,5.7,1514.0
tt5112622,Not Rated,110 min,6.5,2979.0
tt1334470,Not Rated,130 min,5.4,4601.0
tt1562859,Not Rated,155 min,5.6,8863.0
tt0094768,R,90 min,5.2,565.0
tt0403537,R,94 min,4.5,1500.0
tt3447364,Not Rated,139 min,7.6,23625.0
tt0085473,PG,95 min,5.6,1242.0
tt0301893,R,88 min,4.3,2156.0
tt3698118,Not Rated,135 min,6.2,1982.0
tt1678051,R,94 min,4.3,7404.0
tt0036414,Passed,76 min,6.2,2273.0
tt2083379,R,106 min,5.6,6131.0
tt0126344,R,107 min,6.8,2177.0
tt4591310,Not Rated,119 min,5.9,3276.0
tt0292886,R,124 min,6.3,4575.0
tt0067133,R,90 min,3.9,616.0
tt0085892,R,111 min,3.8,604.0
tt1857913,PG-13,102 min,5.8,8709.0
tt2576450,Not Rated,143 min,3.5,5733.0
tt0473024,PG-13,95 min,2.1,9229.0
tt0347167,Not Rated,160 min,5.4,2419.0
tt8108230,Not Rated,100 min,6.2,2740.0
tt1242599,R,106 min,6.3,7965.0
tt0459605,Not Rated,105 min,6.1,3386.0
tt0115693,R,99 min,6.0,11897.0
tt5197544,Not Rated,141 min,5.4,7378.0
tt1255951,Not Rated,162 min,5.7,9273.0
tt0118200,R,100 min,6.1,2739.0
tt0300620,R,111 min,6.6,7783.0
tt0417976,PG-13,121 min,5.6,9330.0
tt1395025,Not Rated,157 min,5.2,7728.0
tt0090779,R,90 min,5.3,538.0
tt10218674,PG-13,118 min,5.7,1017.0
tt2437954,Not Rated,134 min,5.7,2382.0
tt4129428,TV-14,161 min,6.4,10748.0
tt6466464,Not Rated,114 min,5.5,1563.0
tt0059162,G,89 min,5.8,1861.0
tt5034276,Not Rated,115 min,6.5,1082.0
tt0251433,R,113 min,6.7,4971.0
tt0179063,R,98 min,6.1,457.0
tt0283999,PG,98 min,5.8,764.0
tt0093276,PG-13,87 min,3.3,942.0
tt0094188,PG-13,91 min,4.2,484.0
tt2357377,Not Rated,120 min,6.6,7375.0
tt0108592,R,109 min,6.7,7282.0
tt0046899,Approved,101 min,6.6,4001.0
tt2077833,Not Rated,140 min,5.8,22936.0
tt8484942,Not Rated,123 min,4.7,2294.0
tt3159708,Not Rated,152 min,4.2,6310.0
tt1296373,R,82 min,5.4,1770.0
tt1830786,Not Rated,128 min,3.0,2983.0
tt0052275,Approved,86 min,5.2,510.0
tt0066126,R,95 min,5.3,567.0
tt0067658,PG-13,97 min,6.0,1271.0
tt0047400,Approved,91 min,5.9,427.0
tt0099460,R,96 min,5.7,2038.0
tt0109098,R,94 min,4.3,1534.0
tt0096161,R,95 min,5.2,1031.0
tt1185412,Not Rated,169 min,4.6,8379.0
tt0066258,PG,98 min,5.9,1172.0
tt2386668,R,85 min,3.5,259.0
tt8820136,R,93 min,2.9,155.0
tt0104521,R,101 min,5.1,930.0
tt6044910,Not Rated,123 min,6.5,4979.0
tt0151150,Not Rated,162 min,6.1,10457.0
tt1686784,R,122 min,5.9,8331.0
tt1773109,Not Rated,163 min,5.7,4349.0
tt1708532,Not Rated,145 min,4.8,18718.0
tt6980546,Not Rated,173 min,7.5,17807.0
tt0293342,Not Rated,202 min,6.6,2764.0
tt0094813,R,93 min,4.9,1403.0
tt4244162,Not Rated,88 min,4.8,14790.0
tt2992146,Not Rated,134 min,6.4,4958.0
tt0015772,Unrated,73 min,6.6,2113.0
tt10279010,Not Rated,101 min,5.9,676.0
tt4944352,R,118 min,7.3,2323.0
tt2271641,Not Rated,160 min,6.1,2148.0
tt0109798,R,125 min,5.8,3444.0
tt7463730,Not Rated,115 min,5.5,2082.0
tt0467017,R,107 min,5.2,853.0
tt0072107,PG,87 min,4.5,1006.0
tt6589464,Not Rated,125 min,6.5,1987.0
tt0817545,R,96 min,5.1,4152.0
tt4307880,Not Rated,96 min,7.3,1796.0
tt0115471,R,77 min,3.8,3728.0
tt2557256,R,104 min,4.7,3681.0
tt0069380,R,88 min,6.3,265.0
tt0091713,R,90 min,4.9,681.0
tt0065360,G,100 min,6.6,1116.0
tt0096952,R,85 min,4.6,1217.0
tt2007993,Not Rated,144 min,7.5,7131.0
tt0339579,R,116 min,6.4,11397.0
tt0091442,R,90 min,4.0,602.0
tt4337072,TV-MA,100 min,6.6,3966.0
tt0067216,PG,109 min,6.2,1209.0
tt6241872,R,96 min,7.4,7886.0
tt0056904,Passed,85 min,5.4,1011.0
tt2309764,Not Rated,142 min,5.7,9184.0
tt0067069,GP,88 min,5.2,990.0
tt0109144,R,98 min,4.3,1158.0
tt0120775,R,121 min,6.0,1292.0
tt1188982,Not Rated,135 min,5.0,20034.0
tt0088895,R,87 min,5.2,663.0
tt0077272,PG,111 min,5.9,1276.0
tt0086625,R,105 min,4.6,574.0
tt2320924,PG-13,85 min,5.4,1215.0
tt5456546,TV-14,145 min,3.6,11091.0
tt0090169,PG-13,90 min,5.0,364.0
tt2112131,Not Rated,120 min,4.8,19055.0
tt0091351,R,87 min,4.7,223.0
tt0255305,Not Rated,157 min,5.2,2007.0
tt0490210,Not Rated,125 min,6.7,7673.0
tt2339505,Not Rated,118 min,6.2,5213.0
tt0094034,R,95 min,4.9,732.0
tt0246500,R,92 min,6.3,4773.0
tt0068711,PG,102 min,6.0,378.0
tt0401248,Unrated,118 min,7.1,3257.0
tt0034465,Approved,86 min,6.1,1538.0
tt0099753,PG-13,125 min,6.8,1081.0
tt0783532,R,119 min,7.3,10728.0
tt1618430,R,128 min,6.2,4104.0
tt2345561,Not Rated,100 min,6.9,2267.0
tt4276752,Not Rated,127 min,5.9,4065.0
tt3367294,R,101 min,4.8,1091.0
tt0099039,R,106 min,5.0,770.0
tt0070833,R,93 min,6.7,597.0
tt0091264,R,97 min,5.1,457.0
tt0108234,R,91 min,5.2,827.0
tt0083936,R,98 min,6.0,583.0
tt0090659,R,86 min,5.0,729.0
tt0097119,R,90 min,5.5,434.0
tt0114371,R,90 min,5.3,1348.0
tt0064328,PG-13,105 min,5.4,532.0
tt11177804,TV-PG,110 min,6.5,1960.0
tt0097003,R,100 min,4.8,698.0
tt0092195,R,89 min,4.4,338.0
tt4937812,Not Rated,128 min,6.9,2417.0
tt1037116,PG-13,90 min,6.8,1796.0
tt1865346,Not Rated,87 min,4.5,2733.0
tt2615584,Not Rated,146 min,4.9,5041.0
tt2367996,Not Rated,150 min,5.1,1265.0
tt0255309,Not Rated,129 min,6.2,1099.0
tt0280490,R,102 min,6.0,3801.0
tt0068164,R,90 min,5.0,462.0
tt0073015,R,106 min,6.3,668.0
tt0163984,R,87 min,5.2,1128.0
tt0077296,PG,127 min,5.9,1074.0
tt0119815,R,110 min,7.4,5101.0
tt0106902,R,101 min,5.6,858.0
tt0038326,Approved,86 min,5.8,497.0
tt0116332,PG-13,105 min,4.8,531.0
tt9283920,R,139 min,6.0,927.0
tt0032636,Passed,81 min,6.7,1799.0
tt0093658,R,103 min,4.7,611.0
tt0859760,PG-13,98 min,6.6,1946.0
tt0032007,Passed,82 min,6.5,3471.0
tt2344678,Not Rated,150 min,1.7,8843.0
tt3962210,PG,92 min,3.9,2140.0
tt0353014,Unrated,86 min,6.7,9328.0
tt4819560,Not Rated,106 min,6.6,2482.0
tt4789822,R,103 min,5.1,1076.0
tt4104354,PG-13,90 min,5.5,530.0
tt0487156,R,88 min,3.6,1061.0
tt0093654,R,90 min,5.7,474.0
tt0069966,R,106 min,6.3,1081.0
tt0043912,Not Rated,95 min,5.8,124.0
tt2717558,Not Rated,118 min,6.9,3162.0
tt0997147,PG-13,113 min,6.3,3871.0
tt0341549,Not Rated,164 min,4.8,1009.0
tt1630564,R,100 min,4.3,2576.0
tt0963915,Not Rated,103 min,5.1,1660.0
tt0096465,R,95 min,5.1,972.0
tt0140282,PG-13,96 min,5.4,1217.0
tt1114725,R,139 min,5.7,2268.0
tt0122642,R,90 min,5.1,1271.0
tt0286635,R,102 min,6.8,6649.0
tt2887322,PG-13,107 min,5.5,2137.0
tt10017680,Not Rated,96 min,5.8,738.0
tt3696192,Not Rated,141 min,5.0,8706.0
tt0071089,Passed,98 min,5.5,772.0
tt0091815,R,80 min,5.6,711.0
tt0758732,Unrated,131 min,6.7,4744.0
tt1844203,R,93 min,5.2,2749.0
tt1856057,PG,84 min,6.6,1598.0
tt0092224,R,86 min,3.8,287.0
tt6861726,Not Rated,150 min,6.8,6167.0
tt0105680,R,81 min,1.9,853.0
tt0017979,Passed,87 min,5.8,86.0
tt0263101,R,105 min,6.5,3717.0
tt2678948,Not Rated,185 min,6.2,13134.0
tt0172610,R,92 min,4.6,804.0
tt0386651,PG-13,90 min,7.6,5231.0
tt1431122,Not Rated,139 min,4.4,2671.0
tt6485776,Not Rated,108 min,5.9,931.0
tt0068742,PG,111 min,5.8,324.0
tt6157600,Not Rated,99 min,4.5,380.0
tt6869538,TV-MA,132 min,6.3,2818.0
tt3956336,Not Rated,97 min,5.2,447.0
tt1060249,Not Rated,138 min,2.0,2650.0
tt0093120,PG-13,109 min,6.5,522.0
tt5644726,PG-13,126 min,6.3,1195.0
tt2133239,Not Rated,94 min,6.0,2810.0
tt4519312,PG,91 min,4.5,547.0
tt0064911,R,95 min,5.3,284.0
tt0366180,Not Rated,168 min,6.0,1452.0
tt0068491,PG,87 min,6.0,1127.0
tt0076820,PG,95 min,5.2,498.0
tt0085409,R,95 min,4.8,431.0
tt2178508,Not Rated,141 min,4.1,9943.0
tt0170452,PG-13,109 min,5.1,635.0
tt0071226,R,88 min,6.0,555.0
tt0290879,R,142 min,6.4,1948.0
tt9507276,Not Rated,115 min,7.5,1326.0
tt6814080,Not Rated,113 min,5.4,1342.0
tt0051057,Not Rated,86 min,5.7,628.0
tt5269396,Not Rated,108 min,6.0,2464.0
tt0354538,Not Rated,144 min,5.3,2116.0
tt0151905,R,97 min,4.3,927.0
tt1161064,PG,98 min,3.2,1161.0
tt0091123,G,75 min,5.3,525.0
tt0374330,R,120 min,6.3,4375.0
tt1847713,R,112 min,4.8,1394.0
tt3950078,Not Rated,141 min,6.4,3183.0
tt4379728,Not Rated,88 min,5.9,1989.0
tt0068403,PG,100 min,6.4,333.0
tt5140182,Not Rated,95 min,6.6,710.0
tt0094599,R,97 min,4.7,311.0
tt5938084,Not Rated,127 min,5.7,1967.0
tt0016895,Passed,58 min,7.5,1783.0
tt0102710,R,86 min,4.1,192.0
tt0337930,R,90 min,6.6,3730.0
tt0827709,PG,90 min,5.0,342.0
tt0115531,R,97 min,5.2,694.0
tt2635622,Not Rated,116 min,6.9,5267.0
tt0093714,R,91 min,4.4,556.0
tt1761005,PG-13,91 min,3.5,1606.0
tt0068588,R,83 min,5.7,400.0
tt0092844,R,100 min,5.4,523.0
tt6690310,Not Rated,117 min,6.2,840.0
tt0072604,PG,87 min,4.1,317.0
tt0067026,R,98 min,7.0,550.0
tt0223530,R,112 min,6.4,2122.0
tt0262462,PG-13,82 min,5.3,832.0
tt0099155,R,85 min,4.8,732.0
tt2859246,TV-14,104 min,6.7,1767.0
tt0070704,R,91 min,5.9,295.0
tt0073695,PG,95 min,4.8,439.0
tt0085823,PG,92 min,4.4,180.0
tt0100480,R,95 min,4.2,454.0
tt3516462,Not Rated,120 min,5.4,73.0
tt0371939,R,86 min,6.5,2628.0
tt1130091,PG-13,87 min,3.3,570.0
tt1756476,Not Rated,170 min,7.4,13666.0
tt0297012,R,95 min,5.1,118.0
tt0099577,R,88 min,2.6,465.0
tt3735554,PG-13,113 min,4.6,1271.0
tt1258998,Not Rated,96 min,3.1,699.0
tt0235553,R,85 min,5.0,1408.0
tt0090096,R,90 min,4.7,165.0
tt0101481,R,88 min,4.8,603.0
tt0096072,R,90 min,4.6,289.0
tt2651724,R,90 min,2.7,206.0
tt0071902,PG,98 min,6.0,333.0
tt0072707,R,82 min,4.5,92.0
tt0098158,R,104 min,5.7,161.0
tt0063308,R,118 min,6.3,579.0
tt0022792,Passed,85 min,6.2,1327.0
tt0164686,Passed,85 min,4.3,167.0
tt0068861,PG,90 min,7.7,33.0
tt0143344,PG-13,99 min,4.1,212.0
tt0342916,R,96 min,2.8,332.0
tt1907639,PG-13,112 min,5.3,844.0
tt0108059,Not Rated,96 min,6.6,916.0
tt5310090,Not Rated,109 min,7.6,12246.0
tt0099622,PG,82 min,3.0,157.0
tt5538568,PG-13,75 min,6.1,1204.0
tt0116391,Not Rated,167 min,6.2,257.0
tt0284880,R,71 min,6.6,2040.0
tt0074409,PG,88 min,5.2,249.0
tt0348354,R,92 min,3.1,354.0
tt0066905,R,85 min,3.9,275.0
tt1625856,Not Rated,140 min,4.4,2284.0
tt1956697,Not Rated,150 min,6.0,2488.0
tt3458760,R,98 min,5.2,1631.0
tt3835612,Not Rated,89 min,4.1,135.0
tt2677816,Not Rated,136 min,4.5,540.0
tt0091281,R,97 min,5.3,208.0
tt0337585,R,91 min,6.4,1040.0
tt0071575,R,94 min,6.8,431.0
tt0004635,Not Rated,74 min,5.7,991.0
tt1792122,Not Rated,104 min,8.0,72.0
tt0104607,Not Rated,193 min,6.5,2091.0
tt0465440,PG-13,118 min,4.9,643.0
tt1117379,Not Rated,91 min,4.4,412.0
tt0069167,GP,77 min,5.3,79.0
tt3204012,TV-14,108 min,6.7,377.0
tt0457355,PG-13,96 min,5.1,573.0
tt0787515,R,95 min,5.1,1609.0
tt0097146,R,95 min,4.8,246.0
tt4979652,PG-13,112 min,5.9,740.0
tt1981080,PG-13,98 min,6.0,5159.0
tt5468018,TV-PG,89 min,6.9,872.0
tt2924352,R,92 min,3.0,743.0
tt0054045,Approved,86 min,5.2,96.0
tt3139764,R,93 min,4.0,326.0
tt0279750,R,94 min,4.0,264.0
tt1261889,Not Rated,98 min,3.2,218.0
tt0036644,Approved,74 min,6.3,1320.0
tt0243415,PG-13,106 min,5.2,569.0
tt3848938,Not Rated,133 min,3.7,2271.0
tt4242158,Not Rated,114 min,5.4,1748.0
tt4505170,G,124 min,6.2,584.0
tt0047556,Approved,81 min,5.8,223.0
tt0338294,Unrated,78 min,4.1,236.0
tt0018203,Passed,80 min,6.9,68.0
tt0304391,R,116 min,5.4,1063.0
tt0401462,R,97 min,2.2,689.0
tt0167431,R,99 min,5.0,231.0
tt1975205,Not Rated,88 min,2.6,273.0
tt0269217,Unrated,110 min,6.9,2846.0
tt0821462,Not Rated,115 min,6.4,869.0
tt0475750,R,124 min,5.7,1358.0
tt0107284,PG-13,97 min,3.5,259.0
tt0114973,PG-13,88 min,5.7,71.0
tt5078390,Not Rated,118 min,3.2,73.0
tt3209242,Not Rated,87 min,6.1,31.0
tt0318010,R,112 min,3.6,144.0
tt0264605,R,90 min,3.6,137.0
tt0017738,Passed,68 min,6.6,27.0
tt6152908,Unrated,99 min,3.8,365.0
tt10295602,Not Rated,98 min,6.1,864.0
tt0189173,R,105 min,4.2,46.0
tt0389989,Not Rated,90 min,4.4,169.0
tt1130983,Not Rated,97 min,5.3,251.0
tt2901548,Not Rated,120 min,5.7,1071.0
tt0031825,Approved,55 min,5.9,284.0
tt0861701,Unrated,72 min,2.4,695.0
tt2706264,Not Rated,144 min,5.2,449.0
tt0031012,Passed,62 min,5.9,344.0
tt0282965,R,109 min,5.0,118.0
tt0014379,Passed,60 min,6.5,23.0
tt0990376,PG,81 min,3.8,720.0
tt0165216,PG,110 min,6.0,85.0
tt0068803,R,94 min,7.2,97.0
tt0004545,Passed,50 min,3.1,42.0
tt7935892,R,96 min,8.0,209.0
tt2392504,Not Rated,91 min,7.7,20.0
tt2265591,Not Rated,80 min,7.3,48.0
tt2633826,Not Rated,136 min,5.1,126.0
tt0016560,Passed,80 min,5.7,663.0
tt2821880,Not Rated,129 min,5.0,198.0
tt0165160,R,90 min,4.9,65.0
tt0017233,Passed,74 min,7.3,30.0
tt9409854,Not Rated,105 min,3.8,135.0
tt0382910,Not Rated,90 min,2.7,143.0
tt1831609,PG-13,100 min,5.9,231.0
tt1670917,Not Rated,45 min,5.4,46.0
tt1948536,Not Rated,96 min,7.5,27.0
tt4520332,PG-13,117 min,6.8,96.0
tt0033957,Passed,85 min,5.1,46.0
tt0427343,R,96 min,3.1,131.0
